0,1
2023-01-09 00:00:00,Book - Dreamer‚Äôs Journal
2023-03-09 00:00:00,Card - Emperor Penguin ‚Äúseasons Greetings‚Äù
2023-03-10 00:00:00,Card - Happy Mother‚Äôs Day
2023-03-12 00:00:00,Card - Herd It‚Äôs Somebody‚Äôs Bday
2023-05-11 00:00:00,Card - Ily Even When You‚Äôre Cranky
2023-06-11 00:00:00,Card - Omg You‚Äôre Old
2023-10-12 00:00:00,Card - Season‚Äôs Greetings
2023-11-12 00:00:00,Card - You‚Äôre A Great Mom
2023-12-09 00:00:00,Card - You‚Äôre A Mooooom
2023-12-10 00:00:00,Card - You‚Äôre The Best Dad
2023-12-12 00:00:00,Card - You‚Äôre The Tits
Regal Disco Ukraine ¬£10 Donation,Planner - Get ‚Äòer Done
Regal Disco Ukraine ¬£5 Donation,Postcard - Pdx St. John‚Äôs Bridge
Ticket ¬£10,
Ticket ¬£10 Lz & Friends,
