Week,Big Bob Bratwurst,Warm Bavarian Pretzel,Hans Jalapeno & Cheddar,Helgas Giant Kelbassi,Big City Beef Frank,German Potato Salad,Organic Chicken,Potato Chips,Veggie Wurst,Dirtyface Beer Wurst,Turkey Dog,Weisswurst,Beyond Sausage,Bavarian Cream Of Potato Soup,Chili Con Carne,Soup,Currywurst,Chicken,Bockwurst,Vegan Soup,Add Ons,Veggie Soup,Chili,Vegan Chili,Gingerbread Cookie,Apple Slices,Smoked Chicken & Apple,Chicken Sausage,Spinach Organic Chicken,Large Sauerkraut - 8Oz Bowl,Italian Organic Chicken,Gluten Free Bun,Organic Chicken Sausage,Mediterranean Chicken Sausage,Curt'S Currywurst
2018-11-04 00:00:00-07:00,2.0,,,,,,,,,,,,,,,,,,,,,,,,,,,,,,,,,,
2019-01-06 00:00:00-08:00,1092.0,951.0,237.0,221.0,295.0,87.0,68.0,87.0,102.0,52.0,76.0,,,,,162.0,60.0,43.0,52.0,,4.0,64.0,75.0,,,12.0,,,,,,,,,
2019-01-13 00:00:00-08:00,800.0,675.0,182.0,144.0,204.0,52.0,72.0,55.0,88.0,68.0,69.0,,,,,135.0,38.0,45.0,33.0,,14.0,33.0,34.0,,,18.0,,,,,,,,,
2019-01-20 00:00:00-08:00,765.0,575.0,159.0,110.0,169.0,66.0,68.0,66.0,60.0,68.0,67.0,,,,,105.0,78.0,40.0,39.0,,5.0,26.0,44.0,,,13.0,,,,,,,,,
2019-01-27 00:00:00-08:00,708.0,618.0,165.0,126.0,209.0,72.0,63.0,99.0,72.0,72.0,66.0,,,,,131.0,79.0,40.0,72.0,,12.0,41.0,39.0,,,4.0,,,,,,,,,
2019-02-03 00:00:00-08:00,397.0,385.0,91.0,84.0,87.0,45.0,54.0,33.0,44.0,40.0,40.0,,,,,57.0,31.0,22.0,29.0,,4.0,25.0,15.0,,,13.0,,,,,,,,,
2019-02-10 00:00:00-08:00,627.0,345.0,170.0,183.0,92.0,28.0,68.0,40.0,45.0,89.0,28.0,,,,,60.0,72.0,59.0,28.0,,7.0,25.0,27.0,,,9.0,,,,,,,,,
2019-02-17 00:00:00-08:00,750.0,547.0,191.0,145.0,121.0,68.0,80.0,82.0,78.0,74.0,51.0,,,,,87.0,55.0,51.0,49.0,,5.0,32.0,30.0,,,22.0,,,,,,,,,
2019-02-24 00:00:00-08:00,285.0,543.0,93.0,72.0,136.0,63.0,46.0,87.0,66.0,34.0,63.0,,,,,94.0,42.0,29.0,54.0,,10.0,25.0,23.0,,,16.0,,,,,,,,,
2019-03-03 00:00:00-08:00,613.0,467.0,135.0,101.0,121.0,51.0,60.0,53.0,60.0,60.0,34.0,,,,,61.0,37.0,41.0,44.0,,9.0,35.0,22.0,,,9.0,,,,,,,,,
2019-03-10 00:00:00-08:00,777.0,329.0,213.0,141.0,94.0,33.0,87.0,50.0,58.0,109.0,30.0,,,,,52.0,69.0,69.0,21.0,,1.0,23.0,15.0,,,3.0,,,,,,,,,
2019-03-17 00:00:00-07:00,640.0,293.0,178.0,154.0,75.0,71.0,80.0,51.0,52.0,82.0,36.0,,,,,42.0,66.0,75.0,27.0,5.0,4.0,13.0,16.0,,,10.0,,,,,,,,,
2019-03-24 00:00:00-07:00,789.0,481.0,196.0,168.0,162.0,119.0,83.0,81.0,60.0,103.0,42.0,,,,,81.0,70.0,48.0,46.0,42.0,6.0,13.0,19.0,,,12.0,,,,,,,,,
2019-03-31 00:00:00-07:00,1217.0,555.0,274.0,218.0,207.0,130.0,108.0,70.0,91.0,139.0,90.0,,,,,75.0,84.0,97.0,57.0,29.0,6.0,9.0,30.0,,,18.0,,,,,,,,,
2019-04-07 00:00:00-07:00,635.0,636.0,165.0,133.0,205.0,210.0,93.0,198.0,83.0,122.0,96.0,,,,,98.0,106.0,57.0,75.0,,24.0,42.0,42.0,,,28.0,,,,,,,,,
2019-04-14 00:00:00-07:00,696.0,650.0,132.0,104.0,200.0,142.0,76.0,143.0,110.0,45.0,75.0,,,,,124.0,59.0,28.0,57.0,,19.0,55.0,39.0,,36.0,24.0,,,,,,,,,
2019-04-21 00:00:00-07:00,523.0,456.0,75.0,81.0,130.0,143.0,58.0,109.0,91.0,65.0,36.0,,,,,86.0,34.0,35.0,65.0,,6.0,46.0,22.0,,44.0,24.0,,,,,,,,,
2019-04-28 00:00:00-07:00,963.0,673.0,169.0,167.0,172.0,156.0,78.0,115.0,118.0,93.0,70.0,,,,,99.0,110.0,53.0,61.0,,16.0,48.0,18.0,,57.0,23.0,,,,,,,,,
2019-05-05 00:00:00-07:00,755.0,513.0,146.0,172.0,125.0,163.0,59.0,108.0,103.0,84.0,36.0,,,,,61.0,80.0,58.0,73.0,,17.0,33.0,20.0,,56.0,12.0,,,,,,,,,
2019-05-12 00:00:00-07:00,817.0,498.0,156.0,149.0,197.0,149.0,83.0,118.0,106.0,64.0,75.0,,,,,34.0,56.0,37.0,70.0,,7.0,29.0,11.0,,35.0,15.0,,,,,,,,,
2019-05-19 00:00:00-07:00,493.0,369.0,116.0,122.0,101.0,135.0,75.0,113.0,81.0,71.0,60.0,,,,,51.0,57.0,42.0,41.0,,18.0,23.0,8.0,,48.0,20.0,,,,,,,,,
2019-05-26 00:00:00-07:00,605.0,511.0,128.0,132.0,128.0,137.0,69.0,107.0,144.0,66.0,66.0,,,,,90.0,69.0,43.0,72.0,,6.0,46.0,31.0,,52.0,22.0,,,,,,,,,
2019-06-02 00:00:00-07:00,1020.0,737.0,229.0,227.0,165.0,235.0,143.0,171.0,148.0,139.0,80.0,,,,,38.0,95.0,103.0,87.0,,12.0,28.0,15.0,,72.0,37.0,,,,,,,,,
2019-06-09 00:00:00-07:00,1146.0,824.0,244.0,231.0,195.0,291.0,124.0,179.0,91.0,128.0,110.0,,32.0,,,91.0,94.0,86.0,89.0,,11.0,49.0,32.0,,72.0,45.0,,,,,,,,,
2019-06-16 00:00:00-07:00,1260.0,604.0,313.0,249.0,276.0,275.0,116.0,192.0,107.0,163.0,95.0,,59.0,,,57.0,98.0,73.0,85.0,,9.0,23.0,14.0,,27.0,32.0,,,,,,,,,
2019-06-23 00:00:00-07:00,1085.0,663.0,238.0,226.0,221.0,161.0,128.0,146.0,114.0,134.0,58.0,,21.0,,,74.0,72.0,93.0,93.0,,6.0,26.0,26.0,,54.0,37.0,,,,,,,,,
2019-06-30 00:00:00-07:00,1512.0,717.0,321.0,324.0,264.0,155.0,145.0,87.0,128.0,202.0,78.0,,31.0,,,65.0,139.0,86.0,104.0,,7.0,31.0,16.0,,61.0,19.0,,,,,,,,,
2019-07-07 00:00:00-07:00,1236.0,797.0,273.0,280.0,282.0,232.0,137.0,162.0,110.0,161.0,133.0,,70.0,,,78.0,94.0,97.0,82.0,,15.0,47.0,31.0,,53.0,48.0,,,,1.0,,,,,
2019-07-14 00:00:00-07:00,1538.0,880.0,285.0,248.0,302.0,229.0,153.0,150.0,114.0,132.0,127.0,,72.0,,,74.0,120.0,122.0,92.0,,9.0,40.0,17.0,,37.0,26.0,,,,,,,,,
2019-07-21 00:00:00-07:00,1035.0,904.0,140.0,129.0,181.0,192.0,86.0,141.0,58.0,69.0,111.0,,22.0,,,85.0,34.0,42.0,55.0,,7.0,45.0,33.0,,46.0,38.0,,,,,,,,,
2019-07-28 00:00:00-07:00,1399.0,954.0,261.0,245.0,302.0,220.0,138.0,117.0,138.0,152.0,73.0,,33.0,,,51.0,87.0,113.0,103.0,,25.0,40.0,17.0,,63.0,34.0,,,,,,,,,
2019-08-04 00:00:00-07:00,1407.0,792.0,272.0,243.0,257.0,218.0,124.0,129.0,103.0,107.0,123.0,,61.0,,,86.0,74.0,96.0,83.0,,8.0,21.0,19.0,,45.0,41.0,,,,,,,,,
2019-08-11 00:00:00-07:00,755.0,412.0,202.0,195.0,176.0,217.0,142.0,128.0,64.0,166.0,90.0,,71.0,,,32.0,101.0,76.0,82.0,,7.0,22.0,13.0,,29.0,51.0,,,,,,,,,
2019-08-18 00:00:00-07:00,1385.0,776.0,349.0,293.0,310.0,205.0,189.0,152.0,117.0,192.0,105.0,,67.0,,,73.0,128.0,133.0,99.0,,10.0,36.0,24.0,,51.0,32.0,,,,,,,,,
2019-08-25 00:00:00-07:00,471.0,374.0,169.0,150.0,117.0,195.0,97.0,135.0,52.0,98.0,75.0,,49.0,,,64.0,61.0,56.0,57.0,,9.0,27.0,13.0,,68.0,37.0,,,,,,,,,
2019-09-01 00:00:00-07:00,424.0,294.0,154.0,136.0,105.0,164.0,82.0,124.0,60.0,106.0,56.0,,30.0,,,58.0,64.0,82.0,67.0,,4.0,25.0,18.0,,52.0,35.0,,,,,,,,,
2019-09-08 00:00:00-07:00,959.0,620.0,216.0,188.0,155.0,103.0,96.0,118.0,81.0,98.0,42.0,,23.0,,,54.0,111.0,72.0,97.0,,6.0,18.0,13.0,,19.0,23.0,,,,,,,,,
2019-09-15 00:00:00-07:00,306.0,548.0,54.0,42.0,29.0,173.0,24.0,125.0,19.0,22.0,43.0,,16.0,,,94.0,10.0,11.0,18.0,,12.0,56.0,32.0,,42.0,12.0,,,,,,,,,
2019-09-22 00:00:00-07:00,1220.0,693.0,158.0,176.0,99.0,170.0,101.0,98.0,56.0,115.0,43.0,,51.0,,,100.0,77.0,58.0,82.0,,5.0,42.0,27.0,,29.0,23.0,,,,,,,,,
2019-09-29 00:00:00-07:00,1231.0,560.0,170.0,188.0,172.0,117.0,91.0,90.0,72.0,120.0,42.0,,32.0,,,116.0,111.0,54.0,86.0,,5.0,42.0,23.0,,40.0,16.0,,,,,,,,,
2019-10-06 00:00:00-07:00,1122.0,510.0,222.0,158.0,142.0,147.0,105.0,99.0,99.0,105.0,49.0,,35.0,,,152.0,84.0,81.0,91.0,,5.0,53.0,32.0,,65.0,31.0,,,,,,,,,
2019-10-13 00:00:00-07:00,554.0,466.0,138.0,91.0,73.0,98.0,47.0,48.0,52.0,72.0,34.0,,29.0,,,63.0,60.0,41.0,41.0,,9.0,26.0,20.0,,44.0,64.0,,,,,,,,,
2019-10-20 00:00:00-07:00,1229.0,898.0,206.0,184.0,144.0,185.0,105.0,97.0,100.0,144.0,60.0,,44.0,,,178.0,113.0,88.0,76.0,,14.0,58.0,53.0,,24.0,25.0,,,,,,,,,
2019-10-27 00:00:00-07:00,820.0,335.0,116.0,128.0,50.0,113.0,79.0,78.0,39.0,62.0,45.0,,53.0,,,80.0,69.0,35.0,35.0,,4.0,31.0,21.0,,15.0,9.0,,,,,,,,,
2019-11-03 00:00:00-07:00,1229.0,376.0,227.0,217.0,134.0,100.0,146.0,53.0,90.0,120.0,72.0,,49.0,,,84.0,104.0,93.0,57.0,,,33.0,16.0,,17.0,10.0,,,,,,,,,
2019-11-10 00:00:00-08:00,887.0,383.0,145.0,441.0,91.0,107.0,61.0,79.0,65.0,84.0,53.0,,33.0,,,113.0,64.0,49.0,115.0,,14.0,56.0,20.0,,32.0,10.0,,,,,,,,,
2019-11-17 00:00:00-08:00,792.0,495.0,196.0,131.0,102.0,110.0,79.0,98.0,32.0,82.0,48.0,,30.0,,,119.0,67.0,46.0,65.0,,2.0,32.0,28.0,,24.0,13.0,,,,,,,,,
2019-11-24 00:00:00-08:00,676.0,463.0,164.0,132.0,168.0,65.0,47.0,74.0,66.0,69.0,46.0,,25.0,,,102.0,57.0,34.0,35.0,,5.0,27.0,28.0,,20.0,7.0,,,,,,,,,
2019-12-01 00:00:00-08:00,362.0,381.0,138.0,153.0,100.0,108.0,50.0,107.0,42.0,66.0,64.0,,19.0,,,118.0,62.0,53.0,37.0,,9.0,51.0,48.0,,26.0,12.0,,,,,,,,,
2019-12-08 00:00:00-08:00,816.0,594.0,220.0,181.0,180.0,73.0,93.0,76.0,72.0,102.0,58.0,,36.0,,,153.0,91.0,52.0,50.0,,11.0,40.0,33.0,,23.0,7.0,,,,,,,,,
2019-12-15 00:00:00-08:00,610.0,576.0,224.0,159.0,132.0,82.0,99.0,96.0,56.0,93.0,52.0,,23.0,,,149.0,63.0,66.0,49.0,,9.0,37.0,44.0,,37.0,22.0,,,,,,,,,
2019-12-22 00:00:00-08:00,857.0,703.0,336.0,288.0,257.0,90.0,113.0,111.0,101.0,145.0,86.0,,32.0,,,189.0,112.0,87.0,93.0,,16.0,53.0,92.0,,38.0,29.0,,,,,,,,,
2019-12-29 00:00:00-08:00,1745.0,855.0,392.0,427.0,324.0,120.0,169.0,136.0,123.0,167.0,117.0,,115.0,,,222.0,140.0,111.0,95.0,,16.0,67.0,67.0,,29.0,21.0,,,,,,,,,
2020-01-05 00:00:00-08:00,1192.0,754.0,223.0,264.0,304.0,125.0,173.0,129.0,94.0,130.0,122.0,,62.0,,,198.0,79.0,95.0,71.0,,9.0,43.0,64.0,,38.0,27.0,,,,,,,,,
2020-01-12 00:00:00-08:00,1006.0,375.0,228.0,180.0,160.0,45.0,89.0,40.0,66.0,120.0,43.0,,57.0,,,63.0,148.0,78.0,54.0,,8.0,15.0,9.0,,4.0,3.0,,,,,,,,,
2020-01-19 00:00:00-08:00,515.0,294.0,76.0,49.0,57.0,62.0,28.0,52.0,16.0,19.0,57.0,,19.0,,,82.0,26.0,21.0,6.0,,6.0,26.0,32.0,,9.0,10.0,,,,,,,,,
2020-01-26 00:00:00-08:00,807.0,593.0,208.0,169.0,162.0,87.0,97.0,141.0,59.0,111.0,76.0,,30.0,,,147.0,91.0,69.0,61.0,,6.0,38.0,66.0,,31.0,14.0,,,,,,,,,
2020-02-02 00:00:00-08:00,577.0,346.0,119.0,87.0,88.0,37.0,29.0,44.0,38.0,55.0,39.0,,30.0,,,47.0,36.0,34.0,28.0,,4.0,22.0,17.0,,10.0,2.0,,,,,,,,,
2020-02-09 00:00:00-08:00,650.0,228.0,91.0,81.0,65.0,53.0,34.0,51.0,22.0,39.0,48.0,,27.0,,,49.0,33.0,28.0,40.0,,1.0,12.0,17.0,,7.0,7.0,,,,,,,,,
2020-02-16 00:00:00-08:00,516.0,322.0,147.0,135.0,97.0,75.0,59.0,79.0,43.0,49.0,37.0,,29.0,,,79.0,54.0,46.0,35.0,,3.0,23.0,18.0,,14.0,9.0,,,,,,,,,
2020-02-23 00:00:00-08:00,899.0,483.0,64.0,53.0,69.0,110.0,18.0,81.0,19.0,43.0,79.0,,45.0,,,78.0,5.0,16.0,3.0,,10.0,33.0,28.0,,21.0,5.0,,,,,,,,,
2020-03-01 00:00:00-08:00,467.0,490.0,140.0,92.0,100.0,69.0,39.0,57.0,43.0,44.0,36.0,,17.0,,,76.0,32.0,33.0,34.0,,,25.0,18.0,,10.0,6.0,,,,,,,,,
2020-03-08 00:00:00-08:00,185.0,288.0,58.0,50.0,66.0,55.0,15.0,50.0,24.0,21.0,22.0,,24.0,,,50.0,20.0,18.0,19.0,,8.0,27.0,21.0,,5.0,12.0,,,,,,,,,
2020-03-15 00:00:00-07:00,314.0,300.0,194.0,130.0,118.0,30.0,53.0,65.0,60.0,81.0,15.0,,18.0,,,50.0,75.0,28.0,1.0,,3.0,28.0,11.0,,9.0,8.0,,,,,,,,,
2020-03-22 00:00:00-07:00,103.0,163.0,80.0,49.0,44.0,40.0,15.0,61.0,24.0,19.0,18.0,,6.0,5.0,2.0,17.0,20.0,15.0,,6.0,5.0,3.0,6.0,,6.0,6.0,,,,,,,18.0,10.0,12.0
2020-03-29 00:00:00-07:00,50.0,,5.0,8.0,,7.0,,,1.0,,,,4.0,1.0,,,,,,,,,,,,,,,,,,,,3.0,1.0
2020-05-03 00:00:00-07:00,,1.0,,1.0,,,,,,,,,,,,,,,,,,,,,,,,,,,,,,,
2020-05-10 00:00:00-07:00,123.0,41.0,31.0,32.0,29.0,,12.0,14.0,7.0,22.0,9.0,,6.0,5.0,1.0,,11.0,,,3.0,,,,,,,,7.0,,,,,,,
2020-05-17 00:00:00-07:00,131.0,70.0,33.0,29.0,29.0,8.0,24.0,13.0,13.0,40.0,9.0,,10.0,8.0,2.0,,13.0,,,7.0,,,,,,,,14.0,,,,,,,
2020-05-24 00:00:00-07:00,466.0,259.0,134.0,88.0,107.0,44.0,54.0,40.0,45.0,88.0,19.0,20.0,29.0,11.0,12.0,,28.0,,,12.0,,,,,,,,28.0,,,,,,,
2020-05-31 00:00:00-07:00,283.0,176.0,62.0,4.0,106.0,26.0,40.0,12.0,36.0,44.0,10.0,11.0,16.0,6.0,2.0,,32.0,,,6.0,,,,,,,,15.0,,,,,,,
2020-06-07 00:00:00-07:00,473.0,305.0,105.0,,180.0,55.0,45.0,25.0,66.0,63.0,28.0,28.0,21.0,22.0,10.0,,65.0,,,10.0,,,,,,,,42.0,,,,,,,
2020-06-14 00:00:00-07:00,804.0,567.0,170.0,,194.0,99.0,118.0,46.0,85.0,141.0,41.0,65.0,50.0,56.0,27.0,,100.0,,,21.0,,,,,,,,92.0,,1.0,,,,,
2020-06-21 00:00:00-07:00,1029.0,633.0,,,221.0,180.0,119.0,114.0,68.0,127.0,63.0,74.0,48.0,65.0,39.0,,99.0,,,39.0,,,,,,,,117.0,,,,,,,
2020-06-28 00:00:00-07:00,1024.0,591.0,223.0,174.0,276.0,132.0,114.0,120.0,79.0,24.0,63.0,73.0,64.0,43.0,23.0,,92.0,,,22.0,,,,,,,,126.0,,,,,,,
2020-07-05 00:00:00-07:00,1113.0,545.0,343.0,340.0,300.0,128.0,89.0,77.0,101.0,,68.0,112.0,86.0,55.0,26.0,,147.0,,,35.0,1.0,,,,,,,55.0,,,,,,,
2020-07-12 00:00:00-07:00,459.0,544.0,130.0,124.0,167.0,98.0,2.0,51.0,58.0,,33.0,52.0,30.0,43.0,24.0,,71.0,,,9.0,,,,,,,53.0,1.0,,,,,,,
2020-07-19 00:00:00-07:00,898.0,404.0,274.0,197.0,123.0,86.0,,26.0,69.0,,22.0,61.0,54.0,20.0,13.0,,30.0,,,4.0,,,,,,,137.0,,,,,,,,
2020-07-26 00:00:00-07:00,1223.0,808.0,299.0,321.0,166.0,154.0,1.0,62.0,81.0,,48.0,74.0,69.0,42.0,16.0,,,,,15.0,,,,,,,185.0,2.0,,,,,,,
2020-08-02 00:00:00-07:00,1048.0,779.0,381.0,300.0,219.0,136.0,1.0,72.0,74.0,142.0,61.0,64.0,94.0,28.0,19.0,,,,,14.0,,,,,,,220.0,,,,,,,,
2020-08-09 00:00:00-07:00,1242.0,649.0,371.0,303.0,120.0,118.0,,54.0,25.0,259.0,51.0,31.0,98.0,40.0,17.0,,,,,13.0,1.0,,,,,,201.0,,,,,,,,
2020-08-16 00:00:00-07:00,1096.0,810.0,355.0,299.0,141.0,155.0,122.0,85.0,36.0,218.0,63.0,37.0,61.0,45.0,27.0,,,,,15.0,,,,,,,46.0,,,,,,,,
2020-08-23 00:00:00-07:00,929.0,711.0,266.0,262.0,93.0,142.0,108.0,72.0,32.0,194.0,57.0,33.0,69.0,42.0,25.0,,,,,28.0,,,,,,,,,,,,,,,
2020-08-30 00:00:00-07:00,536.0,811.0,133.0,141.0,110.0,121.0,56.0,92.0,31.0,87.0,64.0,27.0,42.0,46.0,30.0,,,,,32.0,,,,,,,1.0,,,,,,,,
2020-09-06 00:00:00-07:00,245.0,306.0,72.0,86.0,161.0,63.0,48.0,28.0,64.0,60.0,31.0,68.0,23.0,27.0,13.0,,,,,6.0,,,,,,,1.0,,,,,,,,
2020-09-13 00:00:00-07:00,956.0,459.0,280.0,295.0,176.0,90.0,89.0,38.0,97.0,243.0,40.0,70.0,81.0,41.0,19.0,,,,,10.0,2.0,,,,,,,,,,,,,,
2020-09-20 00:00:00-07:00,551.0,393.0,198.0,152.0,156.0,57.0,64.0,23.0,85.0,119.0,40.0,81.0,53.0,26.0,11.0,,,,,13.0,,,,,,,,,,,,,,,
2020-09-27 00:00:00-07:00,845.0,386.0,243.0,232.0,124.0,118.0,87.0,74.0,61.0,187.0,22.0,75.0,54.0,76.0,26.0,,,,,29.0,,,,,23.0,,,,,1.0,,,,,
2020-10-04 00:00:00-07:00,423.0,556.0,115.0,126.0,146.0,96.0,40.0,32.0,64.0,111.0,20.0,32.0,25.0,37.0,11.0,,,,,11.0,3.0,,,,12.0,,,,,,,,,,
2020-10-11 00:00:00-07:00,515.0,310.0,127.0,138.0,86.0,116.0,56.0,47.0,26.0,140.0,25.0,45.0,36.0,68.0,19.0,,,,,23.0,,,,,,,,,,,,,,,
2020-10-18 00:00:00-07:00,804.0,249.0,246.0,240.0,88.0,149.0,103.0,59.0,57.0,201.0,38.0,73.0,39.0,86.0,39.0,,,,,30.0,,,,,,,,,,3.0,,,,,
2020-10-25 00:00:00-07:00,909.0,543.0,248.0,231.0,113.0,104.0,105.0,72.0,66.0,177.0,54.0,68.0,54.0,131.0,34.0,,,,,35.0,5.0,,,,,,,,,2.0,,,,,
2020-11-01 00:00:00-07:00,977.0,681.0,301.0,279.0,170.0,43.0,175.0,15.0,66.0,215.0,32.0,79.0,61.0,62.0,14.0,,,,,15.0,,,,,,,,,,,,,,,
2020-11-08 00:00:00-08:00,945.0,812.0,259.0,227.0,178.0,54.0,108.0,13.0,74.0,163.0,39.0,67.0,51.0,47.0,21.0,,,,,3.0,2.0,,,,,,,,,,,,,,
2020-11-15 00:00:00-08:00,660.0,283.0,219.0,157.0,81.0,74.0,76.0,49.0,36.0,155.0,36.0,58.0,36.0,110.0,41.0,,,,,32.0,3.0,,,,,,,,,,,,,,
2020-11-22 00:00:00-08:00,472.0,157.0,146.0,145.0,55.0,66.0,58.0,26.0,25.0,81.0,39.0,32.0,26.0,99.0,43.0,,,,,35.0,,,,,,,,,,2.0,,,,,
2020-11-29 00:00:00-08:00,580.0,566.0,234.0,162.0,217.0,101.0,78.0,123.0,64.0,134.0,44.0,34.0,25.0,132.0,61.0,,,,,35.0,3.0,,,,,,,,,,,,,,
2020-12-06 00:00:00-08:00,942.0,787.0,310.0,233.0,218.0,49.0,100.0,30.0,57.0,169.0,46.0,54.0,45.0,79.0,30.0,,,,,22.0,9.0,,,,,,,,,2.0,,,,,
2020-12-13 00:00:00-08:00,833.0,396.0,271.0,203.0,113.0,95.0,77.0,66.0,30.0,221.0,66.0,62.0,35.0,128.0,38.0,,,,,35.0,3.0,,,,,,,,,1.0,,,,,
2020-12-20 00:00:00-08:00,818.0,16.0,308.0,210.0,61.0,83.0,90.0,62.0,35.0,156.0,40.0,76.0,25.0,102.0,56.0,,,,,40.0,2.0,,,,,,,,,,,1.0,,,
2020-12-27 00:00:00-08:00,1307.0,734.0,440.0,346.0,253.0,78.0,212.0,69.0,94.0,138.0,57.0,89.0,58.0,89.0,40.0,,,,,37.0,1.0,,,,,,,,,,,1.0,,,
2021-01-03 00:00:00-08:00,1510.0,1022.0,416.0,372.0,387.0,59.0,155.0,51.0,139.0,133.0,40.0,79.0,53.0,98.0,51.0,,,,,45.0,4.0,,,,,,,,,3.0,,,,,
2021-01-10 00:00:00-08:00,424.0,847.0,116.0,102.0,173.0,68.0,57.0,42.0,49.0,55.0,78.0,12.0,35.0,106.0,57.0,,,,,31.0,10.0,,,,,,,,,1.0,,,,,
2021-01-17 00:00:00-08:00,449.0,598.0,145.0,122.0,164.0,38.0,47.0,23.0,32.0,92.0,27.0,38.0,21.0,54.0,19.0,,,,,12.0,5.0,,,,,,,,,,,,,,
2021-01-24 00:00:00-08:00,848.0,919.0,299.0,219.0,259.0,50.0,136.0,37.0,91.0,116.0,60.0,53.0,42.0,114.0,39.0,,,,,21.0,2.0,,,,,,,,,,,,,,
2021-01-31 00:00:00-08:00,760.0,821.0,229.0,201.0,218.0,49.0,100.0,36.0,55.0,155.0,49.0,51.0,36.0,96.0,24.0,,,,,18.0,11.0,,,,,,,,,,,,,,
2021-02-07 00:00:00-08:00,579.0,423.0,189.0,149.0,131.0,94.0,87.0,71.0,61.0,140.0,51.0,49.0,30.0,81.0,34.0,,,,,38.0,2.0,,,,,,,,,,,,,,
2021-02-14 00:00:00-08:00,538.0,531.0,168.0,120.0,143.0,78.0,78.0,58.0,39.0,122.0,54.0,44.0,35.0,134.0,74.0,,,,,59.0,9.0,,,,,,,,,,,,,,
2021-02-21 00:00:00-08:00,880.0,764.0,212.0,233.0,211.0,104.0,111.0,48.0,43.0,166.0,87.0,58.0,45.0,129.0,64.0,,,,,55.0,,,,,,,,,,1.0,,,,,
2021-02-28 00:00:00-08:00,393.0,593.0,125.0,125.0,119.0,70.0,45.0,24.0,47.0,101.0,43.0,35.0,27.0,83.0,21.0,,,,,21.0,4.0,,,,,,,,,,,,,,
2021-03-07 00:00:00-08:00,395.0,249.0,149.0,98.0,44.0,70.0,41.0,37.0,12.0,95.0,38.0,35.0,19.0,52.0,19.0,,,,,12.0,4.0,,,,,,,,,1.0,,,,,
2021-03-14 00:00:00-08:00,497.0,273.0,176.0,156.0,89.0,88.0,55.0,58.0,50.0,134.0,31.0,52.0,25.0,61.0,41.0,,,,,35.0,5.0,,,,,,,,,2.0,,,,,
2021-03-21 00:00:00-07:00,405.0,372.0,148.0,112.0,109.0,19.0,71.0,6.0,49.0,142.0,8.0,39.0,16.0,11.0,3.0,,,,,4.0,,,,,,,,,,1.0,,,,,
2021-03-28 00:00:00-07:00,471.0,473.0,130.0,97.0,95.0,67.0,46.0,31.0,30.0,96.0,32.0,32.0,38.0,51.0,17.0,,,,,17.0,11.0,,,,,,,,,1.0,,4.0,,,
2021-04-04 00:00:00-07:00,477.0,105.0,170.0,134.0,55.0,102.0,48.0,62.0,24.0,121.0,33.0,44.0,23.0,61.0,18.0,,,,,21.0,6.0,,,,,,,,,5.0,,2.0,,,
2021-04-11 00:00:00-07:00,910.0,1076.0,269.0,252.0,315.0,153.0,138.0,108.0,90.0,195.0,112.0,68.0,40.0,101.0,52.0,,,,,34.0,5.0,,,,,,,,,4.0,,,,,
2021-04-18 00:00:00-07:00,943.0,698.0,281.0,294.0,266.0,58.0,115.0,35.0,96.0,173.0,35.0,73.0,51.0,21.0,10.0,,,,,12.0,3.0,,,,,,,,,2.0,,,,,
2021-04-25 00:00:00-07:00,687.0,715.0,215.0,168.0,164.0,60.0,92.0,27.0,82.0,115.0,29.0,52.0,41.0,43.0,12.0,,,,,27.0,4.0,,,,,,,,,1.0,,,,,
2021-05-02 00:00:00-07:00,719.0,422.0,160.0,153.0,109.0,88.0,88.0,50.0,49.0,141.0,17.0,38.0,29.0,45.0,17.0,,,,,18.0,3.0,,,,,,,,,2.0,,,,,
2021-05-09 00:00:00-07:00,218.0,298.0,57.0,54.0,91.0,83.0,36.0,44.0,40.0,69.0,29.0,24.0,6.0,27.0,15.0,,,,,12.0,5.0,,,,,,,,,,,,,,
2021-05-16 00:00:00-07:00,814.0,715.0,214.0,220.0,185.0,128.0,101.0,59.0,77.0,168.0,45.0,74.0,35.0,31.0,12.0,,,,,15.0,6.0,,,,,,,,,,,,,,
2021-05-23 00:00:00-07:00,700.0,538.0,180.0,154.0,142.0,80.0,81.0,41.0,54.0,156.0,22.0,56.0,36.0,36.0,18.0,,,,,19.0,8.0,,,,,,,,,2.0,,,,,
2021-05-30 00:00:00-07:00,1020.0,836.0,249.0,214.0,187.0,190.0,121.0,87.0,63.0,250.0,83.0,60.0,55.0,72.0,33.0,,,,,46.0,11.0,,,,,,,,,5.0,,,,,
2021-06-06 00:00:00-07:00,1024.0,702.0,338.0,251.0,210.0,195.0,144.0,79.0,80.0,264.0,48.0,105.0,46.0,70.0,25.0,,,,,26.0,3.0,,,,,,,,,2.0,,,,,
2021-06-13 00:00:00-07:00,693.0,624.0,164.0,154.0,118.0,125.0,93.0,67.0,66.0,174.0,48.0,70.0,36.0,75.0,27.0,,,,,36.0,5.0,,,,,,,,,1.0,,,,,
2021-06-20 00:00:00-07:00,1112.0,786.0,307.0,249.0,175.0,223.0,152.0,75.0,71.0,289.0,73.0,125.0,65.0,93.0,23.0,,,,,35.0,4.0,,,,,,,,,4.0,,1.0,,,
2021-06-27 00:00:00-07:00,764.0,542.0,219.0,186.0,166.0,189.0,125.0,106.0,81.0,104.0,79.0,91.0,51.0,30.0,30.0,,,,,31.0,9.0,,,,,,,,,9.0,,,,,
2021-07-04 00:00:00-07:00,1096.0,709.0,301.0,220.0,188.0,198.0,163.0,93.0,66.0,,105.0,95.0,64.0,31.0,19.0,,,,,24.0,3.0,,,,,,,,,14.0,,,,,
2021-07-11 00:00:00-07:00,1202.0,794.0,253.0,213.0,183.0,25.0,145.0,42.0,72.0,,65.0,111.0,48.0,52.0,22.0,,,,,22.0,3.0,,,,,,,,,10.0,,,,,
2021-07-18 00:00:00-07:00,917.0,806.0,257.0,243.0,238.0,,142.0,110.0,74.0,,81.0,95.0,62.0,77.0,32.0,,,,,32.0,4.0,,,,,,,,,16.0,,,,,
2021-07-25 00:00:00-07:00,814.0,817.0,205.0,136.0,195.0,,79.0,113.0,65.0,,97.0,68.0,43.0,71.0,31.0,,,,,5.0,7.0,,,,,,,,,22.0,,,,,
2021-08-01 00:00:00-07:00,1210.0,1039.0,335.0,213.0,292.0,,169.0,168.0,100.0,,79.0,67.0,81.0,87.0,23.0,,,,,20.0,4.0,,,,,,,,,15.0,,,,,
2021-08-08 00:00:00-07:00,1127.0,831.0,289.0,198.0,224.0,3.0,149.0,9.0,72.0,,48.0,88.0,54.0,18.0,4.0,,,,,4.0,,,,,,,,,,,,,,,
2021-08-15 00:00:00-07:00,688.0,814.0,204.0,143.0,194.0,103.0,103.0,71.0,82.0,,44.0,69.0,24.0,38.0,10.0,,,,,9.0,3.0,,,,,,,,,4.0,,,,,
2021-08-22 00:00:00-07:00,893.0,769.0,239.0,210.0,171.0,169.0,154.0,138.0,66.0,,51.0,84.0,49.0,91.0,32.0,,,,,21.0,27.0,,,,,,,,,5.0,,1.0,,,
2021-08-29 00:00:00-07:00,722.0,745.0,249.0,227.0,178.0,247.0,138.0,162.0,68.0,,86.0,106.0,46.0,92.0,32.0,,,,,44.0,32.0,,,,,,,,,7.0,,1.0,,,
2021-09-05 00:00:00-07:00,1040.0,742.0,280.0,150.0,182.0,99.0,128.0,73.0,97.0,,61.0,76.0,77.0,52.0,15.0,,,,,17.0,2.0,,,,,,,,,5.0,,,,,
2021-09-12 00:00:00-07:00,1071.0,1145.0,240.0,174.0,193.0,187.0,101.0,155.0,113.0,,90.0,69.0,65.0,132.0,37.0,,,,,33.0,21.0,,,,,,,,,25.0,,,,,
2021-09-19 00:00:00-07:00,1274.0,496.0,301.0,237.0,131.0,184.0,146.0,85.0,51.0,,48.0,115.0,65.0,134.0,40.0,,,,,34.0,5.0,,,,,,,,,7.0,,,,,
2021-09-26 00:00:00-07:00,918.0,677.0,185.0,167.0,177.0,150.0,80.0,109.0,78.0,,51.0,67.0,59.0,82.0,29.0,,,,,8.0,26.0,,,,,,,,,8.0,,,,,
2021-10-03 00:00:00-07:00,209.0,514.0,16.0,10.0,74.0,168.0,9.0,116.0,46.0,,39.0,7.0,7.0,147.0,44.0,,,,,2.0,11.0,,,,,,,,,12.0,,1.0,,,
2021-10-10 00:00:00-07:00,1368.0,970.0,292.0,233.0,178.0,223.0,154.0,147.0,79.0,,69.0,116.0,58.0,179.0,62.0,,,,,,21.0,,,,,,,,,21.0,,2.0,,,
2021-10-17 00:00:00-07:00,810.0,561.0,231.0,183.0,108.0,162.0,96.0,124.0,79.0,,53.0,67.0,35.0,137.0,37.0,,,,,,14.0,,,,,,,,,1.0,,1.0,,,
2021-10-24 00:00:00-07:00,849.0,738.0,243.0,173.0,125.0,61.0,87.0,31.0,62.0,,20.0,53.0,44.0,58.0,12.0,,,,,,2.0,,,,,,,,,,,,,,
2021-10-31 00:00:00-07:00,767.0,502.0,230.0,164.0,102.0,82.0,86.0,51.0,60.0,,41.0,69.0,44.0,77.0,36.0,,,,,27.0,5.0,,,,,,,,,1.0,,,,,
2021-11-07 00:00:00-07:00,659.0,384.0,221.0,124.0,96.0,99.0,93.0,89.0,41.0,,45.0,68.0,28.0,108.0,34.0,,,,,46.0,27.0,,,,,,,,,,,,,,
2021-11-14 00:00:00-08:00,855.0,599.0,255.0,132.0,102.0,66.0,85.0,59.0,35.0,,45.0,48.0,38.0,118.0,23.0,,,,,29.0,20.0,,,,,,,,,,,,,,
2021-11-21 00:00:00-08:00,632.0,431.0,221.0,131.0,133.0,6.0,79.0,,44.0,,12.0,43.0,26.0,41.0,14.0,,,,,11.0,,,,,,,,,,,,,,,
2021-11-28 00:00:00-08:00,1304.0,1103.0,335.0,280.0,268.0,132.0,177.0,151.0,131.0,,113.0,72.0,70.0,237.0,77.0,,,,,72.0,33.0,,,,,,,,,,,1.0,,,
2021-12-05 00:00:00-08:00,1335.0,1068.0,443.0,201.0,190.0,98.0,116.0,95.0,87.0,,83.0,60.0,61.0,178.0,64.0,,,,,12.0,26.0,,,,,,,,,,,,,,
2021-12-12 00:00:00-08:00,1095.0,831.0,316.0,244.0,288.0,88.0,124.0,103.0,57.0,,98.0,71.0,63.0,219.0,65.0,,,,,21.0,22.0,,,,,,,,,,,1.0,,,
2021-12-19 00:00:00-08:00,1340.0,613.0,390.0,273.0,120.0,109.0,140.0,134.0,66.0,,92.0,78.0,55.0,272.0,85.0,,,,,89.0,28.0,,,,,,,,,1.0,,,,,
2021-12-26 00:00:00-08:00,1276.0,1196.0,369.0,251.0,259.0,69.0,137.0,64.0,112.0,,83.0,51.0,50.0,150.0,77.0,,,,,8.0,18.0,,,,,,,,,,,,,,
2022-01-02 00:00:00-08:00,1472.0,871.0,388.0,255.0,271.0,83.0,159.0,104.0,83.0,,128.0,79.0,52.0,250.0,92.0,,,,,26.0,67.0,,,,,,,,,,,1.0,,,
2022-01-09 00:00:00-08:00,289.0,74.0,127.0,98.0,25.0,22.0,55.0,4.0,13.0,,14.0,26.0,8.0,55.0,16.0,,,,,8.0,4.0,,,,,,,,,,,,,,
2022-01-16 00:00:00-08:00,488.0,580.0,160.0,118.0,109.0,53.0,58.0,38.0,56.0,,39.0,39.0,15.0,79.0,19.0,,,,,21.0,8.0,,,,,,,,,,,,,,
2022-01-23 00:00:00-08:00,627.0,516.0,274.0,170.0,95.0,8.0,93.0,,61.0,,13.0,57.0,13.0,13.0,2.0,,,,,2.0,,,,,,,,,,,,,,,
2022-01-30 00:00:00-08:00,459.0,517.0,111.0,83.0,130.0,18.0,53.0,25.0,34.0,,21.0,15.0,24.0,35.0,13.0,,,,,12.0,3.0,,,,,,,,,,,,,,
2022-02-06 00:00:00-08:00,356.0,301.0,189.0,98.0,76.0,39.0,49.0,46.0,28.0,,30.0,44.0,11.0,82.0,23.0,,,,,20.0,14.0,,,,,,,,,,,,,,
2022-02-13 00:00:00-08:00,764.0,350.0,207.0,164.0,79.0,81.0,102.0,75.0,38.0,,58.0,59.0,28.0,111.0,32.0,,,,,38.0,13.0,,,,,,,,,,,,,,
2022-02-20 00:00:00-08:00,589.0,769.0,185.0,136.0,177.0,109.0,63.0,156.0,78.0,,74.0,42.0,38.0,123.0,37.0,,,,,36.0,26.0,,,,,,,,,1.0,,1.0,,,
2022-02-27 00:00:00-08:00,936.0,675.0,288.0,215.0,183.0,124.0,139.0,153.0,54.0,,53.0,76.0,36.0,135.0,79.0,,,,,52.0,30.0,,,,,,,,,,,1.0,,,
2022-03-06 00:00:00-08:00,245.0,2.0,123.0,93.0,5.0,71.0,41.0,114.0,2.0,,34.0,23.0,17.0,78.0,28.0,,,,,42.0,16.0,,,,,,,,,,,,,,
2022-03-13 00:00:00-08:00,795.0,634.0,266.0,188.0,156.0,81.0,101.0,47.0,71.0,,39.0,50.0,43.0,70.0,21.0,,,,,22.0,8.0,,,,,,,,,,,1.0,,,
2022-03-20 00:00:00-07:00,875.0,432.0,295.0,222.0,77.0,117.0,130.0,111.0,43.0,,45.0,63.0,45.0,132.0,33.0,,,,,44.0,17.0,,,,,,,,,,,1.0,,,
2022-03-27 00:00:00-07:00,803.0,573.0,217.0,203.0,143.0,159.0,87.0,108.0,79.0,,69.0,62.0,47.0,132.0,31.0,,,,,46.0,14.0,,,,,,,,,,,,,,
2022-04-03 00:00:00-07:00,446.0,721.0,110.0,95.0,166.0,87.0,44.0,65.0,73.0,,29.0,23.0,23.0,48.0,8.0,,,,,20.0,4.0,,,,,,,,,18.0,,,,,
2022-04-10 00:00:00-07:00,668.0,772.0,220.0,124.0,158.0,121.0,80.0,167.0,46.0,,88.0,45.0,33.0,127.0,46.0,,,,,38.0,59.0,,,,,,,,,,,,,,
2022-04-17 00:00:00-07:00,765.0,744.0,233.0,177.0,210.0,131.0,93.0,99.0,99.0,,90.0,40.0,43.0,146.0,53.0,,,,,45.0,25.0,,,,,,,,,,,1.0,,,
2022-04-24 00:00:00-07:00,855.0,467.0,256.0,219.0,100.0,72.0,130.0,32.0,35.0,,36.0,73.0,48.0,62.0,18.0,,,,,13.0,4.0,,,,,,,,,,,,,,
2022-05-01 00:00:00-07:00,977.0,734.0,227.0,133.0,138.0,55.0,90.0,21.0,88.0,,21.0,70.0,42.0,29.0,3.0,,,,,12.0,3.0,,,,,,,,,,,,,,
2022-05-08 00:00:00-07:00,870.0,714.0,213.0,178.0,155.0,162.0,79.0,104.0,104.0,,88.0,52.0,49.0,110.0,35.0,,,,,40.0,17.0,,,,,,,,,,,,,,
2022-05-15 00:00:00-07:00,357.0,488.0,173.0,106.0,111.0,170.0,82.0,171.0,62.0,,47.0,47.0,21.0,108.0,38.0,,,,,49.0,14.0,,,,,,,,,,,1.0,,,
2022-05-22 00:00:00-07:00,892.0,586.0,262.0,133.0,129.0,215.0,89.0,115.0,62.0,,82.0,65.0,41.0,1.0,46.0,,,,,,45.0,,,,,,,,,,,,,,
2022-05-29 00:00:00-07:00,1054.0,871.0,244.0,163.0,161.0,190.0,99.0,180.0,23.0,,85.0,43.0,81.0,3.0,58.0,,,,,,42.0,,,9.0,,,,,,,,,,,
2022-06-05 00:00:00-07:00,1066.0,879.0,296.0,259.0,141.0,196.0,160.0,183.0,,,81.0,58.0,155.0,11.0,60.0,,,,,,22.0,,,43.0,,,,,,3.0,,1.0,,,
2022-06-12 00:00:00-07:00,1114.0,567.0,292.0,233.0,142.0,94.0,103.0,96.0,23.0,,36.0,84.0,110.0,3.0,25.0,,,,,,2.0,,,17.0,,,,,,,,,,,
2022-06-19 00:00:00-07:00,747.0,893.0,334.0,157.0,164.0,72.0,139.0,144.0,103.0,,62.0,76.0,35.0,22.0,74.0,,,,,,30.0,,,46.0,,,,,,,,,,,
2022-06-26 00:00:00-07:00,832.0,802.0,297.0,203.0,204.0,302.0,154.0,198.0,89.0,,121.0,80.0,65.0,12.0,43.0,,,,,,50.0,,,34.0,,,,,,,,2.0,,,
2022-07-03 00:00:00-07:00,918.0,853.0,379.0,226.0,212.0,206.0,222.0,159.0,122.0,,85.0,87.0,58.0,9.0,62.0,,,,,,29.0,,,55.0,,,,,,,,,,,
2022-07-10 00:00:00-07:00,925.0,300.0,358.0,265.0,172.0,234.0,146.0,142.0,94.0,,95.0,95.0,64.0,7.0,6.0,,,,,,32.0,,,26.0,,,,,,,,,,,
2022-07-17 00:00:00-07:00,979.0,945.0,287.0,254.0,201.0,264.0,152.0,121.0,75.0,,78.0,75.0,58.0,20.0,65.0,,,,,,30.0,,,22.0,,,,,,,,,,,
2022-07-24 00:00:00-07:00,1067.0,1028.0,359.0,206.0,260.0,304.0,201.0,171.0,26.0,,86.0,116.0,89.0,4.0,65.0,,,,,,21.0,,,25.0,,,,,,,,2.0,,,
2022-07-31 00:00:00-07:00,1322.0,1143.0,403.0,332.0,264.0,335.0,190.0,129.0,81.0,,99.0,125.0,101.0,,66.0,,,,,,34.0,,,25.0,,,,,,,,1.0,,,
2022-08-07 00:00:00-07:00,510.0,511.0,158.0,117.0,131.0,192.0,88.0,86.0,55.0,,58.0,57.0,23.0,,31.0,,,,,,24.0,,,14.0,,,,,,,,2.0,,,
2022-08-14 00:00:00-07:00,1327.0,1121.0,302.0,305.0,236.0,257.0,127.0,149.0,97.0,,123.0,91.0,67.0,,71.0,,,,,1.0,52.0,,,19.0,,,,,,,,1.0,,,
2022-08-21 00:00:00-07:00,1143.0,1084.0,288.0,272.0,186.0,331.0,180.0,173.0,102.0,,120.0,93.0,55.0,,73.0,,,,,,51.0,,,28.0,,,,,,,,2.0,,,
2022-08-28 00:00:00-07:00,924.0,633.0,285.0,266.0,173.0,157.0,162.0,85.0,93.0,,58.0,80.0,59.0,,49.0,,,,,,11.0,,,21.0,,,,,,,,1.0,,,
2022-09-04 00:00:00-07:00,668.0,906.0,182.0,187.0,100.0,181.0,76.0,90.0,62.0,,64.0,42.0,38.0,,72.0,,,,,,37.0,,,14.0,,,,,,,,,,,
2022-09-11 00:00:00-07:00,936.0,502.0,317.0,246.0,178.0,51.0,148.0,3.0,122.0,,20.0,115.0,69.0,,33.0,,,,,,1.0,,,46.0,,,,,,,,,,,
2022-09-18 00:00:00-07:00,69.0,309.0,195.0,24.0,84.0,302.0,100.0,121.0,67.0,,44.0,88.0,4.0,,24.0,,,,,,46.0,,,22.0,,,,,,,,,,,
2022-09-25 00:00:00-07:00,820.0,495.0,242.0,221.0,134.0,285.0,148.0,123.0,99.0,,40.0,87.0,63.0,,43.0,,,,,,27.0,,,36.0,,,,,,,,,,,
2022-10-02 00:00:00-07:00,357.0,236.0,195.0,80.0,86.0,262.0,120.0,115.0,61.0,,37.0,67.0,10.0,,4.0,,,,,,45.0,,,26.0,,,,,,,,,,,
2022-10-09 00:00:00-07:00,729.0,446.0,150.0,203.0,79.0,164.0,81.0,70.0,63.0,,36.0,47.0,32.0,,59.0,,,,,,18.0,,,16.0,,,,,,,,,,,
2022-10-16 00:00:00-07:00,731.0,670.0,290.0,209.0,87.0,226.0,105.0,79.0,93.0,,55.0,58.0,35.0,,42.0,,,,,,16.0,,,16.0,,,,,,,,2.0,,,
2022-10-23 00:00:00-07:00,522.0,650.0,167.0,135.0,63.0,225.0,75.0,147.0,38.0,,53.0,33.0,22.0,,79.0,,,,,,49.0,,,13.0,,,,,,,,1.0,,,
2022-10-30 00:00:00-07:00,778.0,528.0,251.0,187.0,117.0,141.0,128.0,74.0,68.0,,31.0,70.0,41.0,,73.0,,,,,,33.0,,,40.0,,,,,,,,,,,
2022-11-06 00:00:00-07:00,446.0,219.0,184.0,127.0,107.0,66.0,112.0,48.0,58.0,,24.0,40.0,26.0,,13.0,,,,,,11.0,,,32.0,,,,,,,,,,,
2022-11-13 00:00:00-08:00,550.0,423.0,175.0,147.0,66.0,119.0,61.0,88.0,54.0,,48.0,42.0,33.0,,60.0,,,,,,48.0,,,27.0,,,,,,,,,,,
2022-11-20 00:00:00-08:00,731.0,551.0,200.0,228.0,122.0,101.0,76.0,76.0,46.0,,39.0,20.0,31.0,,71.0,,,,,,31.0,,,14.0,,,,,,,,,,,
2022-11-27 00:00:00-08:00,789.0,866.0,212.0,223.0,143.0,15.0,83.0,24.0,86.0,,40.0,47.0,35.0,,140.0,,,,,,5.0,,,36.0,,,,,,,,,,,
2022-12-04 00:00:00-08:00,981.0,692.0,204.0,222.0,160.0,24.0,96.0,23.0,33.0,,38.0,35.0,40.0,,103.0,,,,,,21.0,,,19.0,,,,,,,,,,,
2022-12-11 00:00:00-08:00,873.0,793.0,361.0,222.0,213.0,91.0,144.0,26.0,87.0,,32.0,72.0,43.0,,92.0,,,,,,11.0,,,55.0,,,,,,,,,,,
2022-12-18 00:00:00-08:00,728.0,918.0,379.0,173.0,192.0,152.0,103.0,127.0,98.0,,83.0,48.0,33.0,,156.0,,,,,,46.0,,,51.0,,,,,,,,,,,
2022-12-25 00:00:00-08:00,1008.0,760.0,265.0,263.0,169.0,96.0,101.0,57.0,70.0,,66.0,44.0,28.0,,87.0,,,,,,55.0,,,29.0,,,,,,,,,,,
2023-01-01 00:00:00-08:00,1280.0,1019.0,433.0,375.0,290.0,114.0,179.0,106.0,117.0,,93.0,47.0,72.0,,175.0,,,,,,23.0,,,51.0,,,,,,,,,,,
2023-01-08 00:00:00-08:00,1251.0,1146.0,421.0,315.0,279.0,110.0,183.0,65.0,89.0,,65.0,64.0,48.0,,76.0,,,,,,24.0,,,42.0,,,,,,,,,,,
2023-01-15 00:00:00-08:00,734.0,705.0,284.0,201.0,194.0,132.0,133.0,92.0,72.0,,58.0,39.0,29.0,,127.0,,,,,,25.0,,,51.0,,,,,,,,2.0,,,
2023-01-22 00:00:00-08:00,950.0,728.0,314.0,276.0,223.0,69.0,162.0,99.0,80.0,,82.0,45.0,42.0,,77.0,,,,,,29.0,,,28.0,,,,,,,,,,,
2023-01-29 00:00:00-08:00,897.0,550.0,222.0,214.0,149.0,60.0,66.0,58.0,54.0,,52.0,20.0,41.0,,85.0,,,,,,23.0,,,23.0,,,,,,,,,,,
2023-02-05 00:00:00-08:00,798.0,493.0,193.0,224.0,117.0,66.0,60.0,42.0,67.0,,35.0,16.0,32.0,,75.0,,,,,,21.0,,,21.0,,,,,,,,,,,
2023-02-12 00:00:00-08:00,250.0,407.0,172.0,72.0,61.0,86.0,44.0,66.0,54.0,,25.0,26.0,8.0,,57.0,,,,,,20.0,,,25.0,,,,,,,,,,,
2023-02-19 00:00:00-08:00,572.0,181.0,73.0,170.0,54.0,26.0,25.0,18.0,26.0,,29.0,15.0,34.0,,87.0,,,,,,2.0,,,,,,,,,,,,,,
2023-02-26 00:00:00-08:00,487.0,684.0,203.0,111.0,141.0,140.0,32.0,126.0,54.0,,96.0,32.0,25.0,,59.0,,,,,,35.0,,,33.0,,,,,,,,1.0,,,
2023-03-05 00:00:00-08:00,350.0,289.0,106.0,95.0,45.0,80.0,47.0,56.0,19.0,,32.0,13.0,12.0,,4.0,,,,,,20.0,,,14.0,,,,,,,,,,,
2023-03-12 00:00:00-08:00,585.0,494.0,184.0,145.0,89.0,69.0,86.0,32.0,42.0,,18.0,37.0,29.0,,69.0,,,,,,11.0,,,12.0,,,,,,,,1.0,,,
2023-03-19 00:00:00-07:00,575.0,187.0,64.0,164.0,53.0,31.0,12.0,16.0,23.0,,19.0,13.0,28.0,,40.0,,,,,,13.0,,,,,,,,,,,,,,
2023-03-26 00:00:00-07:00,551.0,171.0,76.0,139.0,47.0,68.0,27.0,30.0,28.0,,21.0,16.0,41.0,,78.0,,,,,,9.0,,,3.0,,,,,,,,,,,
2023-04-02 00:00:00-07:00,914.0,925.0,343.0,280.0,219.0,134.0,156.0,62.0,118.0,,59.0,64.0,45.0,,46.0,,,,,,16.0,,,45.0,,,,,,,,,,,
2023-04-09 00:00:00-07:00,732.0,963.0,349.0,163.0,237.0,245.0,173.0,143.0,117.0,,105.0,68.0,35.0,,11.0,,,,,,26.0,,,36.0,,,,,,,,1.0,,,
2023-04-16 00:00:00-07:00,1108.0,727.0,238.0,334.0,190.0,217.0,123.0,118.0,64.0,,96.0,60.0,27.0,,38.0,,,,,,34.0,,,24.0,,,,,,,,2.0,,,
2023-04-23 00:00:00-07:00,174.0,337.0,130.0,42.0,75.0,93.0,53.0,64.0,36.0,,34.0,24.0,7.0,,63.0,,,,,,16.0,,,15.0,,,,,,,,,,,
2023-04-30 00:00:00-07:00,876.0,661.0,285.0,223.0,179.0,268.0,159.0,135.0,98.0,,65.0,67.0,49.0,,50.0,,,,,,32.0,,,22.0,,,,,,,,1.0,,,
2023-05-07 00:00:00-07:00,826.0,590.0,265.0,41.0,132.0,197.0,152.0,93.0,85.0,,45.0,56.0,52.0,,59.0,,,,,,31.0,,,30.0,,,,,,,,,,,
2023-05-14 00:00:00-07:00,928.0,495.0,201.0,163.0,143.0,126.0,103.0,58.0,76.0,,29.0,67.0,39.0,,44.0,,,,,,1.0,,,14.0,,,,,,,,,,,
2023-05-21 00:00:00-07:00,720.0,559.0,220.0,145.0,146.0,97.0,99.0,81.0,94.0,,44.0,38.0,41.0,,47.0,,,,,,23.0,,,13.0,,,,,,,,2.0,,,
2023-05-28 00:00:00-07:00,458.0,543.0,196.0,95.0,109.0,294.0,96.0,147.0,62.0,,72.0,19.0,14.0,,70.0,,,,,,30.0,,,22.0,,,,,,,,,,,
2023-06-04 00:00:00-07:00,591.0,490.0,214.0,147.0,144.0,138.0,103.0,45.0,53.0,,38.0,37.0,24.0,,85.0,,,,,,20.0,,,16.0,,,,,,,,,,,
2023-06-11 00:00:00-07:00,752.0,870.0,347.0,196.0,186.0,332.0,171.0,172.0,105.0,,76.0,73.0,38.0,,63.0,,,,,,37.0,,,29.0,,,,,,,,1.0,,,
2023-06-18 00:00:00-07:00,1080.0,854.0,355.0,288.0,199.0,238.0,170.0,88.0,103.0,,55.0,80.0,48.0,,8.0,,,,,,15.0,,,39.0,,,,,,,,1.0,,,
2023-06-25 00:00:00-07:00,1154.0,784.0,330.0,319.0,212.0,224.0,122.0,108.0,88.0,,70.0,56.0,65.0,,45.0,,,,,,32.0,,,20.0,,,,,,,,,,,
2023-07-02 00:00:00-07:00,949.0,633.0,272.0,277.0,210.0,268.0,121.0,141.0,113.0,,65.0,47.0,57.0,,65.0,,,,,,47.0,,,19.0,,,,,,,,1.0,,,
2023-07-09 00:00:00-07:00,1428.0,1063.0,424.0,342.0,325.0,358.0,211.0,156.0,149.0,,114.0,97.0,71.0,,59.0,,,,,,52.0,,,43.0,,,,,,,,1.0,,,
2023-07-16 00:00:00-07:00,314.0,322.0,125.0,106.0,90.0,255.0,73.0,118.0,33.0,,60.0,27.0,5.0,,58.0,,,,,,33.0,,,11.0,,,,,,,,,,,
2023-07-23 00:00:00-07:00,1198.0,726.0,232.0,308.0,203.0,260.0,10.0,124.0,55.0,,70.0,49.0,34.0,,12.0,,,,,,26.0,,,10.0,,,,,79.0,,79.0,,,,
2023-07-30 00:00:00-07:00,1533.0,945.0,414.0,410.0,260.0,161.0,,76.0,89.0,,85.0,61.0,61.0,,51.0,,,,,,25.0,,,30.0,,,,,142.0,,109.0,,,,
2023-08-06 00:00:00-07:00,385.0,325.0,113.0,95.0,98.0,109.0,,62.0,39.0,,40.0,11.0,11.0,,26.0,,,,,,11.0,,,,,,,,38.0,,41.0,,,,
