figure,dish_set,model,file,analysis_set,title,caption
a1_record_split,all,single exposure,a1_record_split_all.png,A1,"Every A1 and A2 model: the record, each exposure's window and its held-out days","The record is split between the exposures at the midpoint between their introductions, so each exposure's models see only their own share: vegan pulled chicken Sep 1, 2023 to May 16, 2026, 989 days (971 before t0, 18 from t0 on, 1 held out at the end); dragon wrap abbots May 17, 2026 to Aug 31, 2026, 107 days (19 before t0, 88 from t0 on, 6 held out at the end). Every outcome of an exposure is fitted on the same window, so each row of the model table below belongs to one window; the A2 customer models split the same way over transactions."
a1_record_split,entrees,single exposure,a1_record_split_entrees.png,A1,"Every A1 and A2 model: the record, each exposure's window and its held-out days","The record is split between the exposures at the midpoint between their introductions, so each exposure's models see only their own share: vegan pulled chicken Sep 1, 2023 to May 16, 2026, 989 days (971 before t0, 18 from t0 on, 1 held out at the end); dragon wrap abbots May 17, 2026 to Aug 31, 2026, 107 days (19 before t0, 88 from t0 on, 6 held out at the end). Every outcome of an exposure is fitted on the same window, so each row of the model table below belongs to one window; the A2 customer models split the same way over transactions."
a1_dragon_wrap_abbots_design,all,single exposure,a1_dragon_wrap_abbots_design_all.png,A1,"A1 dragon wrap abbots inputs: design matrix Stan receives, total-purchases model","From the model data (testing's prepare_data, one run per exposure). The 19 columns left after dropping those that are exact combinations of others in the training rows: month_cat2, month_cat3, month_cat4, month_cat8, month_cat9, month_cat10, month_cat11, month_cat12, seasonspring, seasonsummer, seasonwinter, year_cat2024, year_cat2025, year_cat2026, day_of_week_cat6, inflation. Rows: 101 training days (May 17 to Aug 25, 2026) and 6 test days (Aug 26 to Aug 31, 2026, grey)."
a1_dragon_wrap_abbots_design,all,combined,a1_dragon_wrap_abbots_design_joint_all.png,A1,"A1 dragon wrap abbots inputs: design matrix Stan receives, total-purchases model","From the joint model's data (both exposures in one model over the whole record). The 33 columns left after dropping those that are exact combinations of others in the training rows: seasonspring, seasonsummer, seasonwinter, day_of_week_cat6. Both exposures' level and slope columns are here, each exposure its own. Rows: 1082 training days (Sep 1 to Aug 17, 2026) and 14 test days (Aug 18 to Aug 31, 2026, grey)."
a1_dragon_wrap_abbots_design,entrees,single exposure,a1_dragon_wrap_abbots_design_entrees.png,A1,"A1 dragon wrap abbots inputs: design matrix Stan receives, total-purchases model","From the model data (testing's prepare_data, one run per exposure). The 19 columns left after dropping those that are exact combinations of others in the training rows: month_cat2, month_cat3, month_cat4, month_cat8, month_cat9, month_cat10, month_cat11, month_cat12, seasonspring, seasonsummer, seasonwinter, year_cat2024, year_cat2025, year_cat2026, day_of_week_cat6, inflation. Rows: 101 training days (May 17 to Aug 25, 2026) and 6 test days (Aug 26 to Aug 31, 2026, grey)."
a1_dragon_wrap_abbots_design,entrees,combined,a1_dragon_wrap_abbots_design_joint_entrees.png,A1,"A1 dragon wrap abbots inputs: design matrix Stan receives, total-purchases model","From the joint model's data (both exposures in one model over the whole record). The 33 columns left after dropping those that are exact combinations of others in the training rows: seasonspring, seasonsummer, seasonwinter, day_of_week_cat6. Both exposures' level and slope columns are here, each exposure its own. Rows: 1082 training days (Sep 1 to Aug 17, 2026) and 14 test days (Aug 18 to Aug 31, 2026, grey)."
a1_dragon_wrap_abbots_design_every_column,all,single exposure,a1_dragon_wrap_abbots_design_every_column_all.png,A1,A1 dragon wrap abbots inputs: design matrix with every column (before dropping exact combinations),"From the model data (testing's prepare_data, one run per exposure). Every column the formula makes (35 columns), with drop_aliased = FALSE. Rows: 101 training days (May 17 to Aug 25, 2026) and 6 test days (Aug 26 to Aug 31, 2026, grey)."
a1_dragon_wrap_abbots_design_every_column,entrees,single exposure,a1_dragon_wrap_abbots_design_every_column_entrees.png,A1,A1 dragon wrap abbots inputs: design matrix with every column (before dropping exact combinations),"From the model data (testing's prepare_data, one run per exposure). Every column the formula makes (35 columns), with drop_aliased = FALSE. Rows: 101 training days (May 17 to Aug 25, 2026) and 6 test days (Aug 26 to Aug 31, 2026, grey)."
a1_dragon_wrap_abbots_outcomes,all,single exposure,a1_dragon_wrap_abbots_outcomes_all.png,A1,A1 dragon wrap abbots inputs: daily purchases per outcome (raw counts),"From the model data (testing's prepare_data, one run per exposure). Each panel is one outcome series the model would be fitted to. Rows: 101 training days (May 17 to Aug 25, 2026) and 6 test days (Aug 26 to Aug 31, 2026, grey). Chicken counts the chicken label and poultry all poultry; non-vegan is the nonvegan outcome."
a1_dragon_wrap_abbots_outcomes,entrees,single exposure,a1_dragon_wrap_abbots_outcomes_entrees.png,A1,A1 dragon wrap abbots inputs: daily purchases per outcome (raw counts),"From the model data (testing's prepare_data, one run per exposure). Each panel is one outcome series the model would be fitted to. Rows: 101 training days (May 17 to Aug 25, 2026) and 6 test days (Aug 26 to Aug 31, 2026, grey). Chicken counts the chicken label and poultry all poultry; non-vegan is the nonvegan outcome."
a1_dragon_wrap_abbots_predictors,all,single exposure,a1_dragon_wrap_abbots_predictors_all.png,A1,"A1 dragon wrap abbots inputs: prices, CPI, weather and weekend (raw values, before standardizing)","From the model data (testing's prepare_data, one run per exposure). The numeric predictors of the model, in their own units, before standardizing."
a1_dragon_wrap_abbots_predictors,all,combined,a1_dragon_wrap_abbots_predictors_joint_all.png,A1,"A1 dragon wrap abbots inputs: prices, CPI, weather and weekend (raw values, before standardizing)","From the joint model's data (both exposures in one model over the whole record). The numeric predictors of the model, in their own units, before standardizing."
a1_dragon_wrap_abbots_predictors,entrees,single exposure,a1_dragon_wrap_abbots_predictors_entrees.png,A1,"A1 dragon wrap abbots inputs: prices, CPI, weather and weekend (raw values, before standardizing)","From the model data (testing's prepare_data, one run per exposure). The numeric predictors of the model, in their own units, before standardizing."
a1_dragon_wrap_abbots_predictors,entrees,combined,a1_dragon_wrap_abbots_predictors_joint_entrees.png,A1,"A1 dragon wrap abbots inputs: prices, CPI, weather and weekend (raw values, before standardizing)","From the joint model's data (both exposures in one model over the whole record). The numeric predictors of the model, in their own units, before standardizing."
a1_vegan_pulled_chicken_design,all,single exposure,a1_vegan_pulled_chicken_design_all.png,A1,"A1 vegan pulled chicken inputs: design matrix Stan receives, total-purchases model","From the model data (testing's prepare_data, one run per exposure). The 31 columns left after dropping those that are exact combinations of others in the training rows: seasonspring, seasonsummer, seasonwinter, day_of_week_cat6. Rows: 988 training days (Sep 1 to May 15, 2026) and 1 test days (May 16 to May 16, 2026, grey)."
a1_vegan_pulled_chicken_design,all,combined,a1_vegan_pulled_chicken_design_joint_all.png,A1,"A1 vegan pulled chicken inputs: design matrix Stan receives, total-purchases model","From the joint model's data (both exposures in one model over the whole record). The 33 columns left after dropping those that are exact combinations of others in the training rows: seasonspring, seasonsummer, seasonwinter, day_of_week_cat6. Both exposures' level and slope columns are here, each exposure its own. Rows: 1082 training days (Sep 1 to Aug 17, 2026) and 14 test days (Aug 18 to Aug 31, 2026, grey)."
a1_vegan_pulled_chicken_design,entrees,single exposure,a1_vegan_pulled_chicken_design_entrees.png,A1,"A1 vegan pulled chicken inputs: design matrix Stan receives, total-purchases model","From the model data (testing's prepare_data, one run per exposure). The 31 columns left after dropping those that are exact combinations of others in the training rows: seasonspring, seasonsummer, seasonwinter, day_of_week_cat6. Rows: 988 training days (Sep 1 to May 15, 2026) and 1 test days (May 16 to May 16, 2026, grey)."
a1_vegan_pulled_chicken_design,entrees,combined,a1_vegan_pulled_chicken_design_joint_entrees.png,A1,"A1 vegan pulled chicken inputs: design matrix Stan receives, total-purchases model","From the joint model's data (both exposures in one model over the whole record). The 33 columns left after dropping those that are exact combinations of others in the training rows: seasonspring, seasonsummer, seasonwinter, day_of_week_cat6. Both exposures' level and slope columns are here, each exposure its own. Rows: 1082 training days (Sep 1 to Aug 17, 2026) and 14 test days (Aug 18 to Aug 31, 2026, grey)."
a1_vegan_pulled_chicken_design_every_column,all,single exposure,a1_vegan_pulled_chicken_design_every_column_all.png,A1,A1 vegan pulled chicken inputs: design matrix with every column (before dropping exact combinations),"From the model data (testing's prepare_data, one run per exposure). Every column the formula makes (35 columns), with drop_aliased = FALSE. Rows: 988 training days (Sep 1 to May 15, 2026) and 1 test days (May 16 to May 16, 2026, grey)."
a1_vegan_pulled_chicken_design_every_column,entrees,single exposure,a1_vegan_pulled_chicken_design_every_column_entrees.png,A1,A1 vegan pulled chicken inputs: design matrix with every column (before dropping exact combinations),"From the model data (testing's prepare_data, one run per exposure). Every column the formula makes (35 columns), with drop_aliased = FALSE. Rows: 988 training days (Sep 1 to May 15, 2026) and 1 test days (May 16 to May 16, 2026, grey)."
a1_vegan_pulled_chicken_outcomes,all,single exposure,a1_vegan_pulled_chicken_outcomes_all.png,A1,A1 vegan pulled chicken inputs: daily purchases per outcome (raw counts),"From the model data (testing's prepare_data, one run per exposure). Each panel is one outcome series the model would be fitted to. Rows: 988 training days (Sep 1 to May 15, 2026) and 1 test days (May 16 to May 16, 2026, grey). Chicken counts the chicken label and poultry all poultry; non-vegan is the nonvegan outcome."
a1_vegan_pulled_chicken_outcomes,entrees,single exposure,a1_vegan_pulled_chicken_outcomes_entrees.png,A1,A1 vegan pulled chicken inputs: daily purchases per outcome (raw counts),"From the model data (testing's prepare_data, one run per exposure). Each panel is one outcome series the model would be fitted to. Rows: 988 training days (Sep 1 to May 15, 2026) and 1 test days (May 16 to May 16, 2026, grey). Chicken counts the chicken label and poultry all poultry; non-vegan is the nonvegan outcome."
a1_vegan_pulled_chicken_predictors,all,single exposure,a1_vegan_pulled_chicken_predictors_all.png,A1,"A1 vegan pulled chicken inputs: prices, CPI, weather and weekend (raw values, before standardizing)","From the model data (testing's prepare_data, one run per exposure). The numeric predictors of the model, in their own units, before standardizing."
a1_vegan_pulled_chicken_predictors,all,combined,a1_vegan_pulled_chicken_predictors_joint_all.png,A1,"A1 vegan pulled chicken inputs: prices, CPI, weather and weekend (raw values, before standardizing)","From the joint model's data (both exposures in one model over the whole record). The numeric predictors of the model, in their own units, before standardizing."
a1_vegan_pulled_chicken_predictors,entrees,single exposure,a1_vegan_pulled_chicken_predictors_entrees.png,A1,"A1 vegan pulled chicken inputs: prices, CPI, weather and weekend (raw values, before standardizing)","From the model data (testing's prepare_data, one run per exposure). The numeric predictors of the model, in their own units, before standardizing."
a1_vegan_pulled_chicken_predictors,entrees,combined,a1_vegan_pulled_chicken_predictors_joint_entrees.png,A1,"A1 vegan pulled chicken inputs: prices, CPI, weather and weekend (raw values, before standardizing)","From the joint model's data (both exposures in one model over the whole record). The numeric predictors of the model, in their own units, before standardizing."
