item_name,date,vegan,vegetarian,mpbamod,pma,analysable,category,confounds
Patty Melt,2024-01-20,False,False,False,False,False,meat,
Guajillo Pork Fries,2024-01-25,False,False,False,False,False,meat,
E & G Chickenwhich,2024-01-26,False,False,False,False,False,meat,
El Guapo,2024-01-30,False,False,False,False,False,meat,
Chicken Bacon Ranch,2024-04-25,False,False,False,False,False,meat,Dufrense Salad (introduced 2024-04-25)
Dufrense Salad,2024-04-25,False,True,False,False,False,vegetarian,
Frenchie,2024-04-25,False,False,False,False,False,meat,Dufrense Salad (introduced 2024-04-25)
The Frenchie Fun Fries,2024-04-25,False,False,False,False,False,meat,Dufrense Salad (introduced 2024-04-25)
Bourdainwich,2024-07-23,False,False,False,False,True,meat,
Tribute Burger,2024-07-23,False,False,False,False,True,meat,
Lobster Bisque,2024-12-05,False,False,False,False,True,meat,
Wings,2025-02-06,False,False,False,False,True,meat,
Lobster Grilled Cheese Combo,2025-05-25,False,False,False,False,True,meat,
Emily's Perfect Pear,2025-07-11,False,False,False,False,False,meat,
Pal-mento,2025-07-11,False,False,False,False,False,meat,
Sailor Burger,2025-07-12,False,False,False,False,False,meat,
Pal-onator,2025-08-28,False,False,False,False,True,meat,
Shroomy,2025-08-29,False,False,False,False,True,meat,
Oxtail Quesadilla,2025-11-14,False,False,False,False,False,meat,
Sailor Dip,2025-11-14,False,False,False,False,False,meat,
The Belgian Dip,2025-11-14,False,False,False,False,False,meat,
French Onion Smash Burger,2025-11-18,False,False,False,False,False,meat,
Happy Hour Food And Specials,2025-12-05,False,False,False,False,False,meat,
Pulled Pork Roll + PMA option (Vegan Pulled Chicken),2026-04-29,False,False,True,False,True,mpbamod,
Dragon Wrap + PMA option,2026-06-05,False,False,True,False,True,mpbamod,
