,dishes_count,vegan_dishes_count,vegetarian_dishes_count,mpbamod_dishes_count,lamb_dishes_count,chunked_beef_or_pork_dishes_count,pulled_pork_dishes_count,beef_or_pork_burger_dishes_count,ground_meat_dishes_count,meatballs_dishes_count,sausage_dishes_count,bacon_dishes_count,breakfast_sausage_patty_dishes_count,unfried_chicken_dishes_count,fried_chicken_dishes_count,savory_dairy_dishes_count,sweet_dairy_dishes_count,egg_dishes_count
2020-02-13 00:00:00-05:00,18,9,13,4,0,0,0,1,0,0.0,0.0,0,0,3,0,5,9,7
2020-02-14 00:00:00-05:00,22,12,17,5,0,0,0,1,0,0.0,0.0,0,0,3,0,5,13,9
2020-02-15 00:00:00-05:00,25,14,20,6,0,0,0,1,0,0.0,0.0,0,0,3,0,5,16,11
2020-02-16 00:00:00-05:00,25,14,20,6,0,0,0,1,0,0.0,0.0,0,0,3,0,5,16,11
2020-02-17 00:00:00-05:00,26,15,21,6,0,0,0,1,0,0.0,0.0,0,0,3,0,6,16,11
2020-02-18 00:00:00-05:00,25,14,20,5,0,0,0,1,0,0.0,0.0,0,0,3,0,6,15,10
2020-02-19 00:00:00-05:00,25,14,20,5,0,0,0,1,0,0.0,0.0,0,0,3,0,6,15,10
2020-02-20 00:00:00-05:00,26,15,21,6,0,0,0,1,0,0.0,0.0,0,0,4,0,6,15,10
2020-02-21 00:00:00-05:00,27,16,22,6,0,0,0,1,0,0.0,0.0,0,0,4,0,6,16,10
2020-02-22 00:00:00-05:00,27,16,22,6,0,0,0,1,0,0.0,0.0,0,0,4,0,6,16,10
2020-02-23 00:00:00-05:00,27,16,22,6,0,0,0,1,0,0.0,0.0,0,0,4,0,6,16,10
2020-02-24 00:00:00-05:00,27,16,22,6,0,0,0,1,0,0.0,0.0,0,0,4,0,6,16,10
2020-02-25 00:00:00-05:00,27,16,22,6,0,0,0,1,0,0.0,0.0,0,0,4,0,6,16,10
2020-02-26 00:00:00-05:00,27,16,22,6,0,0,0,1,0,0.0,0.0,0,0,4,0,6,16,10
2020-02-27 00:00:00-05:00,27,16,22,6,0,0,0,1,0,0.0,0.0,0,0,4,0,6,16,10
2020-02-28 00:00:00-05:00,27,16,22,6,0,0,0,1,0,0.0,0.0,0,0,4,0,6,16,10
2020-02-29 00:00:00-05:00,27,16,22,6,0,0,0,1,0,0.0,0.0,0,0,4,0,6,16,10
2020-03-01 00:00:00-05:00,27,16,22,6,0,0,0,1,0,0.0,0.0,0,0,4,0,6,16,10
2020-03-02 00:00:00-05:00,27,16,22,6,0,0,0,1,0,0.0,0.0,0,0,4,0,6,16,10
2020-03-03 00:00:00-05:00,27,16,22,6,0,0,0,1,0,0.0,0.0,0,0,4,0,6,16,10
2020-03-04 00:00:00-05:00,27,16,22,6,0,0,0,1,0,0.0,0.0,0,0,4,0,6,16,10
2020-03-05 00:00:00-05:00,27,16,22,6,0,0,0,1,0,0.0,0.0,0,0,4,0,6,16,10
2020-03-06 00:00:00-05:00,27,16,22,6,0,0,0,1,0,0.0,0.0,0,0,4,0,6,16,10
2020-03-07 00:00:00-05:00,27,16,22,6,0,0,0,1,0,0.0,0.0,0,0,4,0,6,16,10
2020-03-08 00:00:00-05:00,27,16,22,6,0,0,0,1,0,0.0,0.0,0,0,4,0,6,16,10
2020-03-09 00:00:00-04:00,27,16,22,6,0,0,0,1,0,0.0,0.0,0,0,4,0,6,16,10
2020-03-10 00:00:00-04:00,27,16,22,6,0,0,0,1,0,0.0,0.0,0,0,4,0,6,16,10
2020-03-11 00:00:00-04:00,27,16,22,6,0,0,0,1,0,0.0,0.0,0,0,4,0,6,16,10
2020-03-12 00:00:00-04:00,27,16,22,6,0,0,0,1,0,0.0,0.0,0,0,4,0,6,16,10
2020-03-13 00:00:00-04:00,27,16,22,6,0,0,0,1,0,0.0,0.0,0,0,4,0,6,16,10
2020-03-14 00:00:00-04:00,27,16,22,6,0,0,0,1,0,0.0,0.0,0,0,4,0,6,16,10
2020-03-15 00:00:00-04:00,27,16,22,6,0,0,0,1,0,0.0,0.0,0,0,4,0,6,16,10
2020-03-16 00:00:00-04:00,27,16,22,6,0,0,0,1,0,0.0,0.0,0,0,4,0,6,16,10
2020-03-17 00:00:00-04:00,27,16,22,6,0,0,0,1,0,0.0,0.0,0,0,4,0,6,16,10
2020-03-18 00:00:00-04:00,27,16,22,6,0,0,0,1,0,0.0,0.0,0,0,4,0,6,16,10
2020-03-19 00:00:00-04:00,26,15,21,5,0,0,0,1,0,0.0,0.0,0,0,3,0,6,16,10
2020-03-20 00:00:00-04:00,26,15,21,5,0,0,0,1,0,0.0,0.0,0,0,3,0,6,16,10
2020-03-21 00:00:00-04:00,26,15,21,5,0,0,0,1,0,0.0,0.0,0,0,3,0,6,16,10
2020-03-22 00:00:00-04:00,26,15,21,5,0,0,0,1,0,0.0,0.0,0,0,3,0,6,16,10
2020-03-23 00:00:00-04:00,26,15,21,5,0,0,0,1,0,0.0,0.0,0,0,3,0,6,16,10
2020-03-24 00:00:00-04:00,25,15,20,4,0,0,0,1,0,0.0,0.0,0,0,3,0,5,16,10
2020-03-25 00:00:00-04:00,25,15,20,4,0,0,0,1,0,0.0,0.0,0,0,3,0,5,16,10
2020-03-26 00:00:00-04:00,25,15,20,4,0,0,0,1,0,0.0,0.0,0,0,3,0,5,16,10
2020-03-27 00:00:00-04:00,26,16,21,5,0,0,0,1,0,0.0,0.0,0,0,4,0,6,16,10
2020-03-28 00:00:00-04:00,25,15,20,5,0,0,0,1,0,0.0,0.0,0,0,4,0,6,15,10
2020-03-29 00:00:00-04:00,25,15,20,5,0,0,0,1,0,0.0,0.0,0,0,4,0,6,15,10
2020-03-30 00:00:00-04:00,26,16,21,5,0,0,0,1,0,0.0,0.0,0,0,4,0,6,16,10
2020-03-31 00:00:00-04:00,26,16,21,5,0,0,0,1,0,0.0,0.0,0,0,4,0,6,16,10
2020-04-01 00:00:00-04:00,26,16,21,5,0,0,0,1,0,0.0,0.0,0,0,4,0,6,16,10
2020-04-02 00:00:00-04:00,28,16,23,7,0,0,0,1,0,0.0,0.0,0,0,4,0,7,16,10
2020-04-03 00:00:00-04:00,28,16,23,7,0,0,0,1,0,0.0,0.0,0,0,4,0,7,16,10
2020-04-04 00:00:00-04:00,28,16,23,7,0,0,0,1,0,0.0,0.0,0,0,4,0,7,16,10
2020-04-05 00:00:00-04:00,28,16,23,7,0,0,0,1,0,0.0,0.0,0,0,4,0,7,16,10
2020-04-06 00:00:00-04:00,28,16,23,7,0,0,0,1,0,0.0,0.0,0,0,4,0,7,16,10
2020-04-07 00:00:00-04:00,29,16,24,8,0,0,0,1,0,0.0,0.0,0,0,4,0,7,16,10
2020-04-08 00:00:00-04:00,29,16,24,8,0,0,0,1,0,0.0,0.0,0,0,4,0,7,16,10
2020-04-09 00:00:00-04:00,28,15,23,7,0,0,0,1,0,0.0,0.0,0,0,3,0,6,16,10
2020-04-10 00:00:00-04:00,28,15,23,7,0,0,0,1,0,0.0,0.0,0,0,3,0,6,16,10
2020-04-11 00:00:00-04:00,28,15,23,7,0,0,0,1,0,0.0,0.0,0,0,3,0,6,16,10
2020-04-12 00:00:00-04:00,28,15,23,7,0,0,0,1,0,0.0,0.0,0,0,3,0,6,16,10
2020-04-13 00:00:00-04:00,28,15,23,7,0,0,0,1,0,0.0,0.0,0,0,3,0,6,16,10
2020-04-14 00:00:00-04:00,29,16,24,7,0,0,0,1,0,0.0,0.0,0,0,3,0,6,17,10
2020-04-15 00:00:00-04:00,29,16,24,7,0,0,0,1,0,0.0,0.0,0,0,3,0,6,17,10
2020-04-16 00:00:00-04:00,27,15,23,7,0,0,0,1,0,0.0,0.0,0,0,2,0,4,17,10
2020-04-17 00:00:00-04:00,27,15,23,7,0,0,0,1,0,0.0,0.0,0,0,2,0,4,17,10
2020-04-18 00:00:00-04:00,27,15,23,7,0,0,0,1,0,0.0,0.0,0,0,2,0,4,17,10
2020-04-19 00:00:00-04:00,27,15,23,7,0,0,0,1,0,0.0,0.0,0,0,2,0,4,17,10
2020-04-20 00:00:00-04:00,26,14,22,7,0,0,0,1,0,0.0,0.0,0,0,2,0,3,17,10
2020-04-21 00:00:00-04:00,27,15,23,7,0,0,0,1,0,0.0,0.0,0,0,2,0,3,17,10
2020-04-22 00:00:00-04:00,27,15,23,7,0,0,0,1,0,0.0,0.0,0,0,2,0,3,17,10
2020-04-23 00:00:00-04:00,26,15,22,6,0,0,0,1,0,0.0,0.0,0,0,2,0,3,17,10
2020-04-24 00:00:00-04:00,26,15,23,6,0,0,0,1,0,0.0,0.0,0,0,2,0,4,17,10
2020-04-25 00:00:00-04:00,26,15,23,6,0,0,0,1,0,0.0,0.0,0,0,2,0,4,17,10
2020-04-26 00:00:00-04:00,26,15,23,6,0,0,0,1,0,0.0,0.0,0,0,2,0,4,17,10
2020-04-27 00:00:00-04:00,28,16,24,7,0,0,0,1,0,0.0,0.0,0,0,3,0,5,18,11
2020-04-28 00:00:00-04:00,26,15,23,7,0,0,0,1,0,0.0,0.0,0,0,2,0,4,17,10
2020-04-29 00:00:00-04:00,26,15,23,7,0,0,0,1,0,0.0,0.0,0,0,2,0,4,17,10
2020-04-30 00:00:00-04:00,26,15,23,7,0,0,0,1,0,0.0,0.0,0,0,2,0,4,17,10
2020-05-01 00:00:00-04:00,26,15,23,7,0,0,0,1,0,0.0,0.0,0,0,2,0,4,17,10
2020-05-02 00:00:00-04:00,26,15,23,7,0,0,0,1,0,0.0,0.0,0,0,2,0,4,17,10
2020-05-03 00:00:00-04:00,26,15,23,7,0,0,0,1,0,0.0,0.0,0,0,2,0,4,17,10
2020-05-04 00:00:00-04:00,26,15,23,7,0,0,0,1,0,0.0,0.0,0,0,2,0,4,17,10
2020-05-05 00:00:00-04:00,26,15,23,7,0,0,0,1,0,0.0,0.0,0,0,2,0,4,17,10
2020-05-06 00:00:00-04:00,26,15,23,7,0,0,0,1,0,0.0,0.0,0,0,2,0,4,17,10
2020-05-07 00:00:00-04:00,26,15,23,7,0,0,0,1,0,0.0,0.0,0,0,2,0,4,17,10
2020-05-08 00:00:00-04:00,26,15,23,7,0,0,0,1,0,0.0,0.0,0,0,2,0,4,17,10
2020-05-09 00:00:00-04:00,26,15,23,7,0,0,0,1,0,0.0,0.0,0,0,2,0,4,17,10
2020-05-10 00:00:00-04:00,26,15,23,7,0,0,0,1,0,0.0,0.0,0,0,2,0,4,17,10
2020-05-11 00:00:00-04:00,26,15,23,7,0,0,0,1,0,0.0,0.0,0,0,2,0,4,17,10
2020-05-12 00:00:00-04:00,26,15,23,7,0,0,0,1,0,0.0,0.0,0,0,2,0,4,17,10
2020-05-13 00:00:00-04:00,26,15,23,7,0,0,0,1,0,0.0,0.0,0,0,2,0,4,17,10
2020-05-14 00:00:00-04:00,26,15,23,7,0,0,0,1,0,0.0,0.0,0,0,2,0,4,17,10
2020-05-15 00:00:00-04:00,26,15,23,7,0,0,0,1,0,0.0,0.0,0,0,2,0,4,17,10
2020-05-16 00:00:00-04:00,26,15,23,7,0,0,0,1,0,0.0,0.0,0,0,2,0,4,17,10
2020-05-17 00:00:00-04:00,26,15,23,7,0,0,0,1,0,0.0,0.0,0,0,2,0,4,17,10
2020-05-18 00:00:00-04:00,27,16,24,8,0,0,0,1,0,0.0,0.0,0,0,2,0,4,18,11
2020-05-19 00:00:00-04:00,27,16,24,8,0,0,0,1,0,0.0,0.0,0,0,2,0,4,18,11
2020-05-20 00:00:00-04:00,27,16,24,8,0,0,0,1,0,0.0,0.0,0,0,2,0,4,18,11
2020-05-21 00:00:00-04:00,27,16,24,8,0,0,0,1,0,0.0,0.0,0,0,2,0,4,18,11
2020-05-22 00:00:00-04:00,27,16,24,8,0,0,0,1,0,0.0,0.0,0,0,2,0,4,18,11
2020-05-23 00:00:00-04:00,27,16,24,8,0,0,0,1,0,0.0,0.0,0,0,2,0,4,18,11
2020-05-24 00:00:00-04:00,27,16,24,8,0,0,0,1,0,0.0,0.0,0,0,2,0,4,18,11
2020-05-25 00:00:00-04:00,27,16,24,8,0,0,0,1,0,0.0,0.0,0,0,2,0,4,18,11
2020-05-26 00:00:00-04:00,27,16,24,8,0,0,0,1,0,0.0,0.0,0,0,2,0,4,18,11
2020-05-27 00:00:00-04:00,27,16,24,8,0,0,0,1,0,0.0,0.0,0,0,2,0,4,18,11
2020-05-28 00:00:00-04:00,27,16,24,8,0,0,0,1,0,0.0,0.0,0,0,2,0,4,18,11
2020-05-29 00:00:00-04:00,27,16,24,8,0,0,0,1,0,0.0,0.0,0,0,2,0,4,18,11
2020-05-30 00:00:00-04:00,27,16,24,8,0,0,0,1,0,0.0,0.0,0,0,2,0,4,18,11
2020-05-31 00:00:00-04:00,27,16,24,8,0,0,0,1,0,0.0,0.0,0,0,2,0,4,18,11
2020-06-01 00:00:00-04:00,27,16,24,8,0,0,0,1,0,0.0,0.0,0,0,2,0,4,18,11
2020-06-02 00:00:00-04:00,27,16,24,8,0,0,0,1,0,0.0,0.0,0,0,2,0,4,18,11
2020-06-03 00:00:00-04:00,27,16,24,8,0,0,0,1,0,0.0,0.0,0,0,2,0,4,18,11
2020-06-04 00:00:00-04:00,27,16,24,8,0,0,0,1,0,0.0,0.0,0,0,2,0,4,18,11
2020-06-05 00:00:00-04:00,26,15,23,8,0,0,0,1,0,0.0,0.0,0,0,2,0,4,17,11
2020-06-06 00:00:00-04:00,27,15,24,8,0,0,0,1,0,0.0,0.0,0,0,2,0,4,18,12
2020-06-07 00:00:00-04:00,27,15,24,8,0,0,0,1,0,0.0,0.0,0,0,2,0,4,18,12
2020-06-08 00:00:00-04:00,27,15,24,8,0,0,0,1,0,0.0,0.0,0,0,2,0,4,18,12
2020-06-09 00:00:00-04:00,27,15,24,8,0,0,0,1,0,0.0,0.0,0,0,2,0,4,18,12
2020-06-10 00:00:00-04:00,27,15,24,8,0,0,0,1,0,0.0,0.0,0,0,2,0,4,18,12
2020-06-11 00:00:00-04:00,27,15,24,8,0,0,0,1,0,0.0,0.0,0,0,2,0,4,18,12
2020-06-12 00:00:00-04:00,27,15,24,8,0,0,0,1,0,0.0,0.0,0,0,2,0,4,18,12
2020-06-13 00:00:00-04:00,27,15,24,8,0,0,0,1,0,0.0,0.0,0,0,2,0,4,18,12
2020-06-14 00:00:00-04:00,27,15,24,8,0,0,0,1,0,0.0,0.0,0,0,2,0,4,18,12
2020-06-15 00:00:00-04:00,27,15,24,8,0,0,0,1,0,0.0,0.0,0,0,2,0,4,18,12
2020-06-16 00:00:00-04:00,27,15,24,8,0,0,0,1,0,0.0,0.0,0,0,2,0,4,18,12
2020-06-17 00:00:00-04:00,27,15,24,8,0,0,0,1,0,0.0,0.0,0,0,2,0,4,18,12
2020-06-18 00:00:00-04:00,27,15,24,8,0,0,0,1,0,0.0,0.0,0,0,2,0,4,18,12
2020-06-19 00:00:00-04:00,28,16,25,8,0,0,0,1,0,0.0,0.0,0,0,2,0,4,18,12
2020-06-20 00:00:00-04:00,27,16,24,8,0,0,0,1,0,0.0,0.0,0,0,2,0,4,17,11
2020-06-21 00:00:00-04:00,27,16,24,8,0,0,0,1,0,0.0,0.0,0,0,2,0,4,17,11
2020-06-22 00:00:00-04:00,27,16,24,8,0,0,0,1,0,0.0,0.0,0,0,2,0,4,17,11
2020-06-23 00:00:00-04:00,27,16,24,8,0,0,0,1,0,0.0,0.0,0,0,2,0,4,17,11
2020-06-24 00:00:00-04:00,27,16,24,8,0,0,0,1,0,0.0,0.0,0,0,2,0,4,17,11
2020-06-25 00:00:00-04:00,27,16,24,8,0,0,0,1,0,0.0,0.0,0,0,2,0,4,17,11
2020-06-26 00:00:00-04:00,27,16,24,8,0,0,0,1,0,0.0,0.0,0,0,2,0,4,17,11
2020-06-27 00:00:00-04:00,27,16,24,8,0,0,0,1,0,0.0,0.0,0,0,2,0,4,17,11
2020-06-28 00:00:00-04:00,27,16,24,8,0,0,0,1,0,0.0,0.0,0,0,2,0,4,17,11
2020-06-29 00:00:00-04:00,27,16,24,8,0,0,0,1,0,0.0,0.0,0,0,2,0,4,17,11
2020-06-30 00:00:00-04:00,27,16,24,8,0,0,0,1,0,0.0,0.0,0,0,2,0,4,17,11
2020-07-01 00:00:00-04:00,26,15,23,8,0,0,0,1,0,0.0,0.0,0,0,2,0,4,16,10
2020-07-02 00:00:00-04:00,26,15,23,8,0,0,0,1,0,0.0,0.0,0,0,2,0,4,16,10
2020-07-03 00:00:00-04:00,26,15,23,8,0,0,0,1,0,0.0,0.0,0,0,2,0,4,16,10
2020-07-04 00:00:00-04:00,25,14,22,8,0,0,0,1,0,0.0,0.0,0,0,2,0,4,15,10
2020-07-05 00:00:00-04:00,25,14,22,8,0,0,0,1,0,0.0,0.0,0,0,2,0,4,15,10
2020-07-06 00:00:00-04:00,25,14,22,8,0,0,0,1,0,0.0,0.0,0,0,2,0,4,15,10
2020-07-07 00:00:00-04:00,25,14,22,8,0,0,0,1,0,0.0,0.0,0,0,2,0,4,15,10
2020-07-08 00:00:00-04:00,25,14,22,8,0,0,0,1,0,0.0,0.0,0,0,2,0,4,15,10
2020-07-09 00:00:00-04:00,25,15,23,7,0,0,0,1,0,0.0,0.0,0,0,2,0,3,16,10
2020-07-10 00:00:00-04:00,25,15,23,7,0,0,0,1,0,0.0,0.0,0,0,2,0,3,16,10
2020-07-11 00:00:00-04:00,25,15,23,7,0,0,0,1,0,0.0,0.0,0,0,2,0,3,16,10
2020-07-12 00:00:00-04:00,25,15,23,7,0,0,0,1,0,0.0,0.0,0,0,2,0,3,16,10
2020-07-13 00:00:00-04:00,26,16,24,8,0,0,0,1,0,0.0,0.0,0,0,2,0,3,17,11
2020-07-14 00:00:00-04:00,26,16,24,8,0,0,0,1,0,0.0,0.0,0,0,2,0,3,17,11
2020-07-15 00:00:00-04:00,26,16,24,8,0,0,0,1,0,0.0,0.0,0,0,2,0,3,17,11
2020-07-16 00:00:00-04:00,26,16,24,8,0,0,0,1,0,0.0,0.0,0,0,2,0,3,17,11
2020-07-17 00:00:00-04:00,26,16,24,8,0,0,0,1,0,0.0,0.0,0,0,2,0,3,17,11
2020-07-18 00:00:00-04:00,26,16,24,8,0,0,0,1,0,0.0,0.0,0,0,2,0,3,17,11
2020-07-19 00:00:00-04:00,26,16,24,8,0,0,0,1,0,0.0,0.0,0,0,2,0,3,17,11
2020-07-20 00:00:00-04:00,26,16,24,8,0,0,0,1,0,0.0,0.0,0,0,2,0,3,17,11
2020-07-21 00:00:00-04:00,26,16,24,8,0,0,0,1,0,0.0,0.0,0,0,2,0,3,17,11
2020-07-22 00:00:00-04:00,27,16,25,9,0,0,0,1,0,0.0,0.0,0,0,2,0,3,18,11
2020-07-23 00:00:00-04:00,27,16,25,9,0,0,0,1,0,0.0,0.0,0,0,2,0,3,18,11
2020-07-24 00:00:00-04:00,27,16,25,9,0,0,0,1,0,0.0,0.0,0,0,2,0,3,18,11
2020-07-25 00:00:00-04:00,27,16,25,9,0,0,0,1,0,0.0,0.0,0,0,2,0,3,18,11
2020-07-26 00:00:00-04:00,27,16,25,9,0,0,0,1,0,0.0,0.0,0,0,2,0,3,18,11
2020-07-27 00:00:00-04:00,27,16,25,9,0,0,0,1,0,0.0,0.0,0,0,2,0,3,18,11
2020-07-28 00:00:00-04:00,27,16,25,9,0,0,0,1,0,0.0,0.0,0,0,2,0,3,18,11
2020-07-29 00:00:00-04:00,27,16,25,9,0,0,0,1,0,0.0,0.0,0,0,2,0,3,18,11
2020-07-30 00:00:00-04:00,27,16,25,9,0,0,0,1,0,0.0,0.0,0,0,2,0,3,18,11
2020-07-31 00:00:00-04:00,27,16,25,9,0,0,0,1,0,0.0,0.0,0,0,2,0,3,18,11
2020-08-01 00:00:00-04:00,27,16,25,9,0,0,0,1,0,0.0,0.0,0,0,2,0,3,18,11
2020-08-02 00:00:00-04:00,27,16,25,9,0,0,0,1,0,0.0,0.0,0,0,2,0,3,18,11
2020-08-03 00:00:00-04:00,27,16,25,9,0,0,0,1,0,0.0,0.0,0,0,2,0,3,18,11
2020-08-04 00:00:00-04:00,27,16,25,9,0,0,0,1,0,0.0,0.0,0,0,2,0,3,18,11
2020-08-05 00:00:00-04:00,27,16,25,9,0,0,0,1,0,0.0,0.0,0,0,2,0,3,18,11
2020-08-06 00:00:00-04:00,27,16,25,9,0,0,0,1,0,0.0,0.0,0,0,2,0,3,18,11
2020-08-07 00:00:00-04:00,27,16,25,9,0,0,0,1,0,0.0,0.0,0,0,2,0,3,18,11
2020-08-08 00:00:00-04:00,27,16,25,9,0,0,0,1,0,0.0,0.0,0,0,2,0,3,18,11
2020-08-09 00:00:00-04:00,27,16,25,9,0,0,0,1,0,0.0,0.0,0,0,2,0,3,18,11
2020-08-10 00:00:00-04:00,27,16,25,9,0,0,0,1,0,0.0,0.0,0,0,2,0,3,18,11
2020-08-11 00:00:00-04:00,27,16,25,9,0,0,0,1,0,0.0,0.0,0,0,2,0,3,18,11
2020-08-12 00:00:00-04:00,28,17,26,10,0,0,0,1,0,0.0,0.0,0,0,3,0,3,18,11
2020-08-13 00:00:00-04:00,28,17,26,10,0,0,0,1,0,0.0,0.0,0,0,3,0,3,18,11
2020-08-14 00:00:00-04:00,28,17,26,10,0,0,0,1,0,0.0,0.0,0,0,3,0,3,18,11
2020-08-15 00:00:00-04:00,28,17,26,10,0,0,0,1,0,0.0,0.0,0,0,3,0,3,18,11
2020-08-16 00:00:00-04:00,28,17,26,10,0,0,0,1,0,0.0,0.0,0,0,3,0,3,18,11
2020-08-17 00:00:00-04:00,27,16,25,10,0,0,0,1,0,0.0,0.0,0,0,3,0,3,17,10
2020-08-18 00:00:00-04:00,27,16,25,10,0,0,0,1,0,0.0,0.0,0,0,3,0,3,17,10
2020-08-19 00:00:00-04:00,27,16,25,10,0,0,0,1,0,0.0,0.0,0,0,3,0,3,17,10
2020-08-20 00:00:00-04:00,27,16,25,10,0,0,0,1,0,0.0,0.0,0,0,3,0,3,17,10
2020-08-21 00:00:00-04:00,27,16,25,10,0,0,0,1,0,0.0,0.0,0,0,3,0,3,17,10
2020-08-22 00:00:00-04:00,27,16,25,10,0,0,0,1,0,0.0,0.0,0,0,3,0,3,17,10
2020-08-23 00:00:00-04:00,27,16,25,10,0,0,0,1,0,0.0,0.0,0,0,3,0,3,17,10
2020-08-24 00:00:00-04:00,28,17,26,10,0,0,0,1,0,0.0,0.0,0,0,3,0,3,17,10
2020-08-25 00:00:00-04:00,28,17,26,10,0,0,0,1,0,0.0,0.0,0,0,3,0,3,17,10
2020-08-26 00:00:00-04:00,28,17,26,10,0,0,0,1,0,0.0,0.0,0,0,3,0,3,17,10
2020-08-27 00:00:00-04:00,28,17,26,10,0,0,0,1,0,0.0,0.0,0,0,3,0,3,17,10
2020-08-28 00:00:00-04:00,28,17,26,10,0,0,0,1,0,0.0,0.0,0,0,3,0,3,17,10
2020-08-29 00:00:00-04:00,28,17,26,10,0,0,0,1,0,0.0,0.0,0,0,3,0,3,17,10
2020-08-30 00:00:00-04:00,28,17,26,10,0,0,0,1,0,0.0,0.0,0,0,3,0,3,17,10
2020-08-31 00:00:00-04:00,28,17,26,10,0,0,0,1,0,0.0,0.0,0,0,3,0,3,17,10
2020-09-01 00:00:00-04:00,29,17,27,11,0,0,1,1,1,0.0,0.0,0,0,3,0,4,17,10
2020-09-02 00:00:00-04:00,28,17,26,10,0,0,1,1,1,0.0,0.0,0,0,3,0,3,17,10
2020-09-03 00:00:00-04:00,29,18,27,11,0,0,1,1,1,0.0,0.0,0,0,3,0,3,18,11
2020-09-04 00:00:00-04:00,29,18,27,11,0,0,1,1,1,0.0,0.0,0,0,3,0,3,18,11
2020-09-05 00:00:00-04:00,29,18,27,11,0,0,1,1,1,0.0,0.0,0,0,3,0,3,18,11
2020-09-06 00:00:00-04:00,29,18,27,11,0,0,1,1,1,0.0,0.0,0,0,3,0,3,18,11
2020-09-07 00:00:00-04:00,29,18,27,11,0,0,1,1,1,0.0,0.0,0,0,3,0,3,18,11
2020-09-08 00:00:00-04:00,29,18,27,11,0,0,1,1,1,0.0,0.0,0,0,3,0,3,18,11
2020-09-09 00:00:00-04:00,29,18,27,11,0,0,1,1,1,0.0,0.0,0,0,3,0,3,18,11
2020-09-10 00:00:00-04:00,29,18,27,11,0,0,1,1,1,0.0,0.0,0,0,3,0,3,18,11
2020-09-11 00:00:00-04:00,29,18,27,11,0,0,1,1,1,0.0,0.0,0,0,3,0,3,18,11
2020-09-12 00:00:00-04:00,29,18,27,11,0,0,1,1,1,0.0,0.0,0,0,3,0,3,18,11
2020-09-13 00:00:00-04:00,29,18,27,11,0,0,1,1,1,0.0,0.0,0,0,3,0,3,18,11
2020-09-14 00:00:00-04:00,29,18,27,11,0,0,1,1,1,0.0,0.0,0,0,3,0,3,18,11
2020-09-15 00:00:00-04:00,29,18,27,11,0,0,1,1,1,0.0,0.0,0,0,3,0,3,18,11
2020-09-16 00:00:00-04:00,29,18,27,11,0,0,1,1,1,0.0,0.0,0,0,3,0,3,18,11
2020-09-17 00:00:00-04:00,29,18,27,11,0,0,1,1,1,0.0,0.0,0,0,3,0,3,18,11
2020-09-18 00:00:00-04:00,29,18,27,11,0,0,1,1,1,0.0,0.0,0,0,3,0,3,18,11
2020-09-19 00:00:00-04:00,29,18,27,11,0,0,1,1,1,0.0,0.0,0,0,3,0,3,18,11
2020-09-20 00:00:00-04:00,28,17,26,10,0,0,1,1,1,0.0,0.0,0,0,3,0,3,17,10
2020-09-21 00:00:00-04:00,28,17,26,10,0,0,1,1,1,0.0,0.0,0,0,3,0,3,17,10
2020-09-22 00:00:00-04:00,28,17,26,10,0,0,1,1,1,0.0,0.0,0,0,3,0,3,17,10
2020-09-23 00:00:00-04:00,28,18,26,10,0,0,1,1,1,0.0,0.0,0,0,3,0,3,17,10
2020-09-24 00:00:00-04:00,30,19,28,11,0,0,1,1,1,0.0,0.0,0,0,3,0,4,18,11
2020-09-25 00:00:00-04:00,30,19,28,11,0,0,1,1,1,0.0,0.0,0,0,3,0,4,18,11
2020-09-26 00:00:00-04:00,29,19,27,10,0,0,1,1,1,0.0,0.0,0,0,3,0,4,18,11
2020-09-27 00:00:00-04:00,29,19,27,10,0,0,1,1,1,0.0,0.0,0,0,3,0,4,18,11
2020-09-28 00:00:00-04:00,29,19,27,10,0,0,1,1,1,0.0,0.0,0,0,3,0,4,18,11
2020-09-29 00:00:00-04:00,30,20,28,10,0,0,1,1,1,0.0,0.0,0,0,3,0,5,18,11
2020-09-30 00:00:00-04:00,30,20,28,10,0,0,1,1,1,0.0,0.0,0,0,3,0,5,18,11
2020-10-01 00:00:00-04:00,30,20,28,10,0,0,1,1,1,0.0,0.0,0,0,3,0,5,18,11
2020-10-02 00:00:00-04:00,30,20,28,10,0,0,1,1,1,0.0,0.0,0,0,3,0,5,18,11
2020-10-03 00:00:00-04:00,30,20,28,10,0,0,1,1,1,0.0,0.0,0,0,3,0,5,18,11
2020-10-04 00:00:00-04:00,29,19,27,9,0,0,1,1,1,0.0,0.0,0,0,3,0,5,17,10
2020-10-05 00:00:00-04:00,30,19,28,10,0,0,1,1,1,0.0,0.0,0,0,3,0,5,18,11
2020-10-06 00:00:00-04:00,30,19,28,10,0,0,1,1,1,0.0,0.0,0,0,3,0,5,18,11
2020-10-07 00:00:00-04:00,30,19,28,10,0,0,1,1,1,0.0,0.0,0,0,3,0,5,18,11
2020-10-08 00:00:00-04:00,30,19,28,10,0,0,1,1,1,0.0,0.0,0,0,3,0,5,18,11
2020-10-09 00:00:00-04:00,30,19,28,10,0,0,1,1,1,0.0,0.0,0,0,3,0,5,18,11
2020-10-10 00:00:00-04:00,29,18,27,10,0,0,1,1,1,0.0,0.0,0,0,3,0,5,18,11
2020-10-11 00:00:00-04:00,29,18,27,10,0,0,1,1,1,0.0,0.0,0,0,3,0,5,18,11
2020-10-12 00:00:00-04:00,29,18,27,10,0,0,1,1,1,0.0,0.0,0,0,3,0,5,18,11
2020-10-13 00:00:00-04:00,29,18,27,10,0,0,1,1,1,0.0,0.0,0,0,3,0,5,18,11
2020-10-14 00:00:00-04:00,29,18,27,10,0,0,1,1,1,0.0,0.0,0,0,3,0,5,18,11
2020-10-15 00:00:00-04:00,29,18,27,10,0,0,1,1,1,0.0,0.0,0,0,3,0,5,18,11
2020-10-16 00:00:00-04:00,32,20,30,10,0,0,1,1,1,0.0,0.0,0,0,3,0,5,21,11
2020-10-17 00:00:00-04:00,32,20,30,9,0,0,1,1,1,0.0,0.0,0,0,2,0,6,21,11
2020-10-18 00:00:00-04:00,32,20,30,9,0,0,1,1,1,0.0,0.0,0,0,2,0,6,21,11
2020-10-19 00:00:00-04:00,33,21,31,9,0,0,1,1,1,0.0,0.0,0,0,2,0,6,22,11
2020-10-20 00:00:00-04:00,33,21,31,9,0,0,1,1,1,0.0,0.0,0,0,2,0,6,22,11
2020-10-21 00:00:00-04:00,34,22,32,9,0,0,1,1,1,0.0,0.0,0,0,2,0,7,22,11
2020-10-22 00:00:00-04:00,34,22,32,9,0,0,1,1,1,0.0,0.0,0,0,2,0,7,22,11
2020-10-23 00:00:00-04:00,34,22,32,9,0,0,1,1,1,0.0,0.0,0,0,2,0,7,22,11
2020-10-24 00:00:00-04:00,34,22,32,9,0,0,1,1,1,0.0,0.0,0,0,2,0,7,22,11
2020-10-25 00:00:00-04:00,34,22,32,9,0,0,1,1,1,0.0,0.0,0,0,2,0,7,22,11
2020-10-26 00:00:00-04:00,36,24,34,9,0,0,1,1,1,0.0,0.0,0,0,2,0,7,22,11
2020-10-27 00:00:00-04:00,37,25,35,10,0,0,1,2,1,0.0,0.0,0,0,2,0,8,22,11
2020-10-28 00:00:00-04:00,37,25,35,10,0,0,1,2,1,0.0,0.0,0,0,2,0,8,22,11
2020-10-29 00:00:00-04:00,37,25,35,10,0,0,1,2,1,0.0,0.0,0,0,2,0,8,22,11
2020-10-30 00:00:00-04:00,37,25,35,10,0,0,1,2,1,0.0,0.0,0,0,2,0,8,22,11
2020-10-31 00:00:00-04:00,37,25,35,10,0,0,1,2,1,0.0,0.0,0,0,2,0,8,22,11
2020-11-01 00:00:00-04:00,37,25,35,10,0,0,1,2,1,0.0,0.0,0,0,2,0,8,22,11
2020-11-02 00:00:00-05:00,37,25,35,10,0,0,1,2,1,0.0,0.0,0,0,2,0,8,22,11
2020-11-03 00:00:00-05:00,37,25,35,10,0,0,1,2,1,0.0,0.0,0,0,2,0,8,22,11
2020-11-04 00:00:00-05:00,37,25,35,10,0,0,1,2,1,0.0,0.0,0,0,2,0,8,22,11
2020-11-05 00:00:00-05:00,37,25,35,10,0,0,1,2,1,0.0,0.0,0,0,2,0,8,22,11
2020-11-06 00:00:00-05:00,37,25,35,10,0,0,1,2,1,0.0,0.0,0,0,2,0,8,22,11
2020-11-07 00:00:00-05:00,38,26,36,10,0,0,1,2,1,0.0,0.0,0,0,2,0,9,22,11
2020-11-08 00:00:00-05:00,38,26,36,10,0,0,1,2,1,0.0,0.0,0,0,2,0,9,22,11
2020-11-09 00:00:00-05:00,38,26,36,10,0,0,1,2,1,0.0,0.0,0,0,2,0,9,22,11
2020-11-10 00:00:00-05:00,38,26,36,10,0,0,1,2,1,0.0,0.0,0,0,2,0,9,22,11
2020-11-11 00:00:00-05:00,38,26,36,10,0,0,1,2,1,0.0,0.0,0,0,2,0,9,22,11
2020-11-12 00:00:00-05:00,38,26,36,10,0,0,1,2,1,0.0,0.0,0,0,2,0,9,22,11
2020-11-13 00:00:00-05:00,38,26,36,10,0,0,1,2,1,0.0,0.0,0,0,2,0,9,22,11
2020-11-14 00:00:00-05:00,38,26,36,10,0,0,1,2,1,0.0,0.0,0,0,2,0,9,22,11
2020-11-15 00:00:00-05:00,39,27,37,10,0,0,1,2,1,0.0,0.0,0,0,2,0,9,23,12
2020-11-16 00:00:00-05:00,39,27,37,10,0,0,1,2,1,0.0,0.0,0,0,2,0,9,23,12
2020-11-17 00:00:00-05:00,40,27,38,11,0,0,1,2,1,0.0,0.0,0,0,2,0,9,24,13
2020-11-18 00:00:00-05:00,40,27,38,11,0,0,1,2,1,0.0,0.0,0,0,2,0,9,24,13
2020-11-19 00:00:00-05:00,40,27,38,11,0,0,1,2,1,0.0,0.0,0,0,2,0,9,24,13
2020-11-20 00:00:00-05:00,40,27,38,11,0,0,1,2,1,0.0,0.0,0,0,2,0,9,24,13
2020-11-21 00:00:00-05:00,40,27,38,11,0,0,1,2,1,0.0,0.0,0,0,2,0,9,24,13
2020-11-22 00:00:00-05:00,38,26,36,10,0,0,1,2,1,0.0,0.0,0,0,2,0,8,23,13
2020-11-23 00:00:00-05:00,38,26,36,10,0,0,1,2,1,0.0,0.0,0,0,2,0,8,23,13
2020-11-24 00:00:00-05:00,38,26,36,10,0,0,1,2,1,0.0,0.0,0,0,2,0,8,23,13
2020-11-25 00:00:00-05:00,40,28,38,10,0,0,1,2,1,0.0,0.0,0,0,2,0,8,25,15
2020-11-26 00:00:00-05:00,39,27,37,10,0,0,1,2,1,0.0,0.0,0,0,2,0,8,24,14
2020-11-27 00:00:00-05:00,39,27,37,10,0,0,1,2,1,0.0,0.0,0,0,2,0,8,24,14
2020-11-28 00:00:00-05:00,39,27,37,10,0,0,1,2,1,0.0,0.0,0,0,2,0,8,24,14
2020-11-29 00:00:00-05:00,39,27,37,10,0,0,1,2,1,0.0,0.0,0,0,2,0,8,24,14
2020-11-30 00:00:00-05:00,40,28,38,10,0,0,1,2,1,0.0,0.0,0,0,2,0,9,24,14
2020-12-01 00:00:00-05:00,40,28,38,10,0,0,1,2,1,0.0,0.0,0,0,3,0,9,24,14
2020-12-02 00:00:00-05:00,40,28,38,10,0,0,1,2,1,0.0,0.0,0,0,3,0,9,24,14
2020-12-03 00:00:00-05:00,40,28,38,10,0,0,1,2,1,0.0,0.0,0,0,3,0,9,24,14
2020-12-04 00:00:00-05:00,38,27,36,9,0,0,1,2,1,0.0,0.0,0,0,3,0,9,22,13
2020-12-05 00:00:00-05:00,39,28,37,9,0,0,1,2,1,0.0,0.0,0,0,3,0,9,23,14
2020-12-06 00:00:00-05:00,39,28,37,9,0,0,1,2,1,0.0,0.0,0,0,3,0,9,23,14
2020-12-07 00:00:00-05:00,39,28,37,9,0,0,1,2,1,0.0,0.0,0,0,3,0,9,23,14
2020-12-08 00:00:00-05:00,39,28,37,9,0,0,1,2,1,0.0,0.0,0,0,3,0,9,23,14
2020-12-09 00:00:00-05:00,39,28,37,9,0,0,1,2,1,0.0,0.0,0,0,3,0,9,23,14
2020-12-10 00:00:00-05:00,38,27,36,9,0,0,1,2,1,0.0,0.0,0,0,2,0,8,23,14
2020-12-11 00:00:00-05:00,39,28,37,9,0,0,1,2,1,0.0,0.0,0,0,2,0,8,24,14
2020-12-12 00:00:00-05:00,40,29,38,10,0,0,1,2,1,0.0,0.0,0,0,3,0,9,24,14
2020-12-13 00:00:00-05:00,40,29,38,10,0,0,1,2,1,0.0,0.0,0,0,3,0,9,24,14
2020-12-14 00:00:00-05:00,40,29,38,10,0,0,1,2,1,0.0,0.0,0,0,3,0,9,24,14
2020-12-15 00:00:00-05:00,41,29,39,10,0,0,1,2,1,0.0,0.0,0,0,3,0,9,25,15
2020-12-16 00:00:00-05:00,41,29,39,10,0,0,1,2,1,0.0,0.0,0,0,3,0,9,25,15
2020-12-17 00:00:00-05:00,41,29,39,10,0,0,1,2,1,0.0,0.0,0,0,3,0,9,25,15
2020-12-18 00:00:00-05:00,41,29,39,10,0,0,1,2,1,0.0,0.0,0,0,3,0,9,25,15
2020-12-19 00:00:00-05:00,41,29,39,10,0,0,1,2,1,0.0,0.0,0,0,3,0,9,25,15
2020-12-20 00:00:00-05:00,41,29,39,10,0,0,1,2,1,0.0,0.0,0,0,3,0,9,25,15
2020-12-21 00:00:00-05:00,41,29,39,10,0,0,1,2,1,0.0,0.0,0,0,3,0,9,25,15
2020-12-22 00:00:00-05:00,40,28,38,10,0,0,1,2,1,0.0,0.0,0,0,3,0,9,24,14
2020-12-23 00:00:00-05:00,40,28,38,10,0,0,1,2,1,0.0,0.0,0,0,3,0,9,24,14
2020-12-24 00:00:00-05:00,39,27,37,10,0,0,1,2,1,0.0,0.0,0,0,3,0,9,24,14
2020-12-25 00:00:00-05:00,39,27,37,10,0,0,1,2,1,0.0,0.0,0,0,3,0,9,24,14
2020-12-26 00:00:00-05:00,39,27,37,10,0,0,1,2,1,0.0,0.0,0,0,3,0,9,24,14
2020-12-27 00:00:00-05:00,39,27,37,10,0,0,1,2,1,0.0,0.0,0,0,3,0,9,24,14
2020-12-28 00:00:00-05:00,39,27,37,10,0,0,1,2,1,0.0,0.0,0,0,3,0,9,24,14
2020-12-29 00:00:00-05:00,39,27,37,10,0,0,1,2,1,0.0,0.0,0,0,3,0,9,24,14
2020-12-30 00:00:00-05:00,38,26,36,10,0,0,1,2,1,0.0,0.0,0,0,3,0,9,23,14
2020-12-31 00:00:00-05:00,38,26,36,10,0,0,1,2,1,0.0,0.0,0,0,3,0,9,23,14
2021-01-01 00:00:00-05:00,38,26,36,10,0,0,1,2,1,0.0,0.0,0,0,3,0,9,23,14
2021-01-02 00:00:00-05:00,38,26,36,10,0,0,1,2,1,0.0,0.0,0,0,3,0,9,23,14
2021-01-03 00:00:00-05:00,38,26,36,10,0,0,1,2,1,0.0,0.0,0,0,3,0,9,23,14
2021-01-04 00:00:00-05:00,38,25,35,10,0,0,1,1,1,0.0,0.0,0,0,4,0,10,23,15
2021-01-05 00:00:00-05:00,37,25,35,10,0,0,1,1,1,0.0,0.0,0,0,3,0,9,23,14
2021-01-06 00:00:00-05:00,37,25,35,10,0,0,1,1,1,0.0,0.0,0,0,3,0,9,23,14
2021-01-07 00:00:00-05:00,37,25,35,10,0,0,1,1,1,0.0,0.0,0,0,3,0,9,23,14
2021-01-08 00:00:00-05:00,36,24,34,10,0,0,1,1,1,0.0,0.0,0,0,3,0,9,22,13
2021-01-09 00:00:00-05:00,35,23,33,10,0,0,1,1,1,0.0,0.0,0,0,3,0,9,21,13
2021-01-10 00:00:00-05:00,35,23,33,10,0,0,1,1,1,0.0,0.0,0,0,3,0,9,21,13
2021-01-11 00:00:00-05:00,35,23,33,10,0,0,1,1,1,0.0,0.0,0,0,3,0,9,21,13
2021-01-12 00:00:00-05:00,35,23,33,10,0,0,1,1,1,0.0,0.0,0,0,3,0,9,21,13
2021-01-13 00:00:00-05:00,35,23,33,10,0,0,1,1,1,0.0,0.0,0,0,3,0,9,21,13
2021-01-14 00:00:00-05:00,35,23,33,10,0,0,1,1,1,0.0,0.0,0,0,3,0,9,21,13
2021-01-15 00:00:00-05:00,35,23,33,10,0,0,1,1,1,0.0,0.0,0,0,3,0,9,21,13
2021-01-16 00:00:00-05:00,35,23,33,10,0,0,1,1,1,0.0,0.0,0,0,3,0,9,21,13
2021-01-17 00:00:00-05:00,35,23,33,10,0,0,1,1,1,0.0,0.0,0,0,3,0,9,21,13
2021-01-18 00:00:00-05:00,35,23,33,10,0,0,1,1,1,0.0,0.0,0,0,3,0,9,21,13
2021-01-19 00:00:00-05:00,35,23,33,10,0,0,1,1,1,0.0,0.0,0,0,3,0,9,21,13
2021-01-20 00:00:00-05:00,35,23,33,10,0,0,1,1,1,0.0,0.0,0,0,3,0,9,21,13
2021-01-21 00:00:00-05:00,36,24,34,11,0,0,1,1,1,0.0,0.0,0,0,3,0,9,21,13
2021-01-22 00:00:00-05:00,36,24,34,11,0,0,1,1,1,0.0,0.0,0,0,3,0,9,21,13
2021-01-23 00:00:00-05:00,36,24,34,11,0,0,1,1,1,0.0,0.0,0,0,3,0,9,21,13
2021-01-24 00:00:00-05:00,36,24,34,11,0,0,1,1,1,0.0,0.0,0,0,3,0,9,21,13
2021-01-25 00:00:00-05:00,36,24,34,11,0,0,1,1,1,0.0,0.0,0,0,3,0,9,21,13
2021-01-26 00:00:00-05:00,36,24,34,11,0,0,1,1,1,0.0,0.0,0,0,3,0,9,21,13
2021-01-27 00:00:00-05:00,36,24,34,11,0,0,1,1,1,0.0,0.0,0,0,3,0,9,21,13
2021-01-28 00:00:00-05:00,36,24,34,11,0,0,1,1,1,0.0,0.0,0,0,3,0,9,21,13
2021-01-29 00:00:00-05:00,38,26,36,11,0,0,1,2,1,0.0,0.0,0,0,3,0,9,22,14
2021-01-30 00:00:00-05:00,38,26,36,11,0,0,1,2,1,0.0,0.0,0,0,3,0,9,22,14
2021-01-31 00:00:00-05:00,38,26,36,11,0,0,1,2,1,0.0,0.0,0,0,3,0,9,22,14
2021-02-01 00:00:00-05:00,38,26,36,11,0,0,1,2,1,0.0,0.0,0,0,3,0,9,22,14
2021-02-02 00:00:00-05:00,38,26,36,11,0,0,1,2,1,0.0,0.0,0,0,3,0,9,22,14
2021-02-03 00:00:00-05:00,38,26,36,11,0,0,1,2,1,0.0,0.0,0,0,3,0,9,22,14
2021-02-04 00:00:00-05:00,39,27,37,11,0,0,1,2,1,0.0,0.0,0,0,3,0,9,23,14
2021-02-05 00:00:00-05:00,40,27,38,12,0,0,1,2,1,0.0,0.0,0,0,3,0,9,23,14
2021-02-06 00:00:00-05:00,40,27,38,12,0,0,1,2,1,0.0,0.0,0,0,3,0,9,23,14
2021-02-07 00:00:00-05:00,39,26,37,11,0,0,1,2,1,0.0,0.0,0,0,3,0,9,23,14
2021-02-08 00:00:00-05:00,39,26,37,11,0,0,1,2,1,0.0,0.0,0,0,3,0,9,23,14
2021-02-09 00:00:00-05:00,39,26,37,11,0,0,1,2,1,0.0,0.0,0,0,3,0,9,23,14
2021-02-10 00:00:00-05:00,39,26,37,11,0,0,1,2,1,0.0,0.0,0,0,3,0,9,23,14
2021-02-11 00:00:00-05:00,39,26,37,11,0,0,1,2,1,0.0,0.0,0,0,3,0,9,23,14
2021-02-12 00:00:00-05:00,40,27,38,11,0,0,1,2,1,0.0,0.0,0,0,3,0,9,24,14
2021-02-13 00:00:00-05:00,41,28,39,11,0,0,1,2,1,0.0,0.0,0,0,3,0,9,24,14
2021-02-14 00:00:00-05:00,41,28,39,11,0,0,1,2,1,0.0,0.0,0,0,3,0,9,24,14
2021-02-15 00:00:00-05:00,41,28,39,11,0,0,1,2,1,0.0,0.0,0,0,3,0,9,24,14
2021-02-16 00:00:00-05:00,41,28,39,11,0,0,1,2,1,0.0,0.0,0,0,3,0,9,24,14
2021-02-17 00:00:00-05:00,41,28,39,11,0,0,1,2,1,0.0,0.0,0,0,3,0,9,24,14
2021-02-18 00:00:00-05:00,41,28,39,11,0,0,1,2,1,0.0,0.0,0,0,3,0,9,24,14
2021-02-19 00:00:00-05:00,41,28,39,11,0,0,1,2,1,0.0,0.0,0,0,3,0,9,24,14
2021-02-20 00:00:00-05:00,41,28,39,11,0,0,1,2,1,0.0,0.0,0,0,3,0,9,24,14
2021-02-21 00:00:00-05:00,41,28,39,11,0,0,1,2,1,0.0,0.0,0,0,3,0,9,24,14
2021-02-22 00:00:00-05:00,41,28,39,11,0,0,1,2,1,0.0,0.0,0,0,3,0,9,24,14
2021-02-23 00:00:00-05:00,41,28,39,11,0,0,1,2,1,0.0,0.0,0,0,3,0,9,24,14
2021-02-24 00:00:00-05:00,41,28,39,11,0,0,1,2,1,0.0,0.0,0,0,3,0,9,24,14
2021-02-25 00:00:00-05:00,41,28,39,11,0,0,1,2,1,0.0,0.0,0,0,3,0,9,24,14
2021-02-26 00:00:00-05:00,40,27,38,11,0,0,1,2,1,0.0,0.0,0,0,3,0,8,24,14
2021-02-27 00:00:00-05:00,42,28,40,11,0,0,1,2,1,0.0,0.0,0,0,3,0,9,25,15
2021-02-28 00:00:00-05:00,40,27,38,11,0,0,1,2,1,0.0,0.0,0,0,3,0,9,23,14
2021-03-01 00:00:00-05:00,41,27,38,12,0,0,1,2,2,0.0,0.0,0,0,3,0,10,23,14
2021-03-02 00:00:00-05:00,41,27,38,12,0,0,1,2,2,0.0,0.0,0,0,3,0,10,23,14
2021-03-03 00:00:00-05:00,41,27,38,12,0,0,1,2,2,0.0,0.0,0,0,3,0,10,23,14
2021-03-04 00:00:00-05:00,40,26,37,12,0,0,1,2,2,0.0,0.0,0,0,3,0,10,22,13
2021-03-05 00:00:00-05:00,39,25,36,12,0,0,1,2,2,0.0,0.0,0,0,3,0,10,21,13
2021-03-06 00:00:00-05:00,42,26,38,14,0,0,1,1,2,0.0,0.0,1,1,5,0,13,21,17
2021-03-07 00:00:00-05:00,43,26,39,15,0,0,1,1,2,0.0,0.0,1,1,5,0,13,22,17
2021-03-08 00:00:00-05:00,43,26,39,15,0,0,1,1,2,0.0,0.0,1,1,5,0,13,22,17
2021-03-09 00:00:00-05:00,43,26,39,15,0,0,1,1,2,0.0,0.0,1,1,5,0,13,22,17
2021-03-10 00:00:00-05:00,43,26,39,15,0,0,1,1,2,0.0,0.0,1,1,5,0,13,22,17
2021-03-11 00:00:00-05:00,42,25,38,14,0,0,1,1,2,0.0,0.0,1,1,4,0,12,22,17
2021-03-12 00:00:00-05:00,42,25,38,14,0,0,1,1,2,0.0,0.0,1,1,4,0,12,22,17
2021-03-13 00:00:00-05:00,42,25,38,14,0,0,1,1,2,0.0,0.0,1,1,4,0,12,22,17
2021-03-14 00:00:00-05:00,42,25,38,14,0,0,1,1,2,0.0,0.0,1,1,4,0,12,22,17
2021-03-15 00:00:00-04:00,42,25,38,14,0,0,1,1,2,0.0,0.0,1,1,4,0,12,22,17
2021-03-16 00:00:00-04:00,42,25,38,14,0,0,1,1,2,0.0,0.0,1,1,4,0,12,22,17
2021-03-17 00:00:00-04:00,42,25,38,14,0,0,1,1,2,0.0,0.0,1,1,4,0,12,22,17
2021-03-18 00:00:00-04:00,42,25,38,14,0,0,1,1,2,0.0,0.0,1,1,4,0,12,22,17
2021-03-19 00:00:00-04:00,42,25,38,14,0,0,1,1,2,0.0,0.0,1,1,4,0,12,22,17
2021-03-20 00:00:00-04:00,41,25,38,13,0,0,1,1,1,0.0,0.0,1,1,4,0,11,22,17
2021-03-21 00:00:00-04:00,41,25,38,13,0,0,1,1,1,0.0,0.0,1,1,4,0,11,22,17
2021-03-22 00:00:00-04:00,41,25,38,13,0,0,1,1,1,0.0,0.0,1,1,4,0,11,22,17
2021-03-23 00:00:00-04:00,42,25,38,14,0,1,1,1,1,0.0,0.0,1,1,4,0,12,22,17
2021-03-24 00:00:00-04:00,42,25,38,14,0,1,1,1,1,0.0,0.0,1,1,4,0,12,22,17
2021-03-25 00:00:00-04:00,42,25,38,14,0,1,1,1,1,0.0,0.0,1,1,4,0,12,22,17
2021-03-26 00:00:00-04:00,41,24,37,14,0,1,1,1,1,0.0,0.0,1,1,4,0,12,21,16
2021-03-27 00:00:00-04:00,41,24,37,14,0,1,1,1,1,0.0,0.0,1,1,4,0,12,21,16
2021-03-28 00:00:00-04:00,42,25,38,15,0,1,1,1,1,0.0,0.0,1,1,4,0,12,22,17
2021-03-29 00:00:00-04:00,42,25,38,15,0,1,1,1,1,0.0,0.0,1,1,4,0,12,22,17
2021-03-30 00:00:00-04:00,42,25,38,15,0,1,1,1,1,0.0,0.0,1,1,4,0,12,22,17
2021-03-31 00:00:00-04:00,42,25,38,15,0,1,1,1,1,0.0,0.0,1,1,4,0,12,22,17
2021-04-01 00:00:00-04:00,42,25,38,15,0,1,1,1,1,0.0,0.0,1,1,4,0,12,22,17
2021-04-02 00:00:00-04:00,42,25,38,15,0,1,1,1,1,0.0,0.0,1,1,4,0,12,22,17
2021-04-03 00:00:00-04:00,42,25,38,15,0,1,1,1,1,0.0,0.0,1,1,4,0,12,22,17
2021-04-04 00:00:00-04:00,42,25,38,15,0,1,1,1,1,0.0,0.0,1,1,4,0,12,22,17
2021-04-05 00:00:00-04:00,42,25,38,15,0,1,1,1,1,0.0,0.0,1,1,4,0,12,22,17
2021-04-06 00:00:00-04:00,42,25,38,15,0,1,1,1,1,0.0,0.0,1,1,4,0,12,22,17
2021-04-07 00:00:00-04:00,41,24,37,15,0,1,1,1,1,0.0,0.0,1,1,4,0,12,22,17
2021-04-08 00:00:00-04:00,40,23,36,15,0,1,1,1,1,0.0,0.0,1,1,4,0,12,21,17
2021-04-09 00:00:00-04:00,40,23,36,15,0,1,1,1,1,0.0,0.0,1,1,4,0,12,21,17
2021-04-10 00:00:00-04:00,40,23,36,15,0,1,1,1,1,0.0,0.0,1,1,4,0,12,21,17
2021-04-11 00:00:00-04:00,40,23,36,15,0,1,1,1,1,0.0,0.0,1,1,4,0,12,21,17
2021-04-12 00:00:00-04:00,40,23,36,15,0,1,1,1,1,0.0,0.0,1,1,4,0,12,21,17
2021-04-13 00:00:00-04:00,40,23,36,15,0,1,1,1,1,0.0,0.0,1,1,4,0,12,21,17
2021-04-14 00:00:00-04:00,40,23,36,15,0,1,1,1,1,0.0,0.0,1,1,4,0,12,21,17
2021-04-15 00:00:00-04:00,40,23,36,15,0,1,1,1,1,0.0,0.0,1,1,4,0,12,21,17
2021-04-16 00:00:00-04:00,39,22,35,15,0,1,1,1,1,0.0,0.0,1,1,4,0,11,21,17
2021-04-17 00:00:00-04:00,39,22,35,15,0,1,1,1,1,0.0,0.0,1,1,4,0,11,21,17
2021-04-18 00:00:00-04:00,39,22,35,15,0,1,1,1,1,0.0,0.0,1,1,4,0,11,21,17
2021-04-19 00:00:00-04:00,39,22,35,15,0,1,1,1,1,0.0,0.0,1,1,4,0,11,21,17
2021-04-20 00:00:00-04:00,39,22,35,15,0,1,1,1,1,0.0,0.0,1,1,4,0,11,21,17
2021-04-21 00:00:00-04:00,39,22,35,15,0,1,1,1,1,0.0,0.0,1,1,4,0,11,21,17
2021-04-22 00:00:00-04:00,40,23,36,15,0,1,1,1,1,0.0,0.0,1,1,4,0,11,22,18
2021-04-23 00:00:00-04:00,39,23,35,14,0,1,1,1,1,0.0,0.0,1,1,4,0,11,22,18
2021-04-24 00:00:00-04:00,39,23,35,14,0,1,1,1,1,0.0,0.0,1,1,4,0,10,22,18
2021-04-25 00:00:00-04:00,39,23,35,14,0,1,1,1,1,0.0,0.0,1,1,4,0,10,22,18
2021-04-26 00:00:00-04:00,39,23,35,14,0,1,1,1,1,0.0,0.0,1,1,4,0,10,22,18
2021-04-27 00:00:00-04:00,39,23,35,14,0,1,1,1,1,0.0,0.0,1,1,4,0,10,22,18
2021-04-28 00:00:00-04:00,39,23,35,14,0,1,1,1,1,0.0,0.0,1,1,4,0,10,22,18
2021-04-29 00:00:00-04:00,39,23,35,14,0,1,1,1,1,0.0,0.0,1,1,4,0,10,22,18
2021-04-30 00:00:00-04:00,39,23,35,14,0,1,1,1,1,0.0,0.0,1,1,4,0,10,22,18
2021-05-01 00:00:00-04:00,38,22,34,14,0,1,1,1,1,0.0,0.0,1,1,4,0,10,22,18
2021-05-02 00:00:00-04:00,37,22,34,14,0,1,1,1,1,0.0,0.0,1,1,4,0,9,22,17
2021-05-03 00:00:00-04:00,39,22,36,16,0,1,1,1,1,0.0,0.0,1,1,4,0,10,22,17
2021-05-04 00:00:00-04:00,40,23,37,16,0,1,1,1,1,0.0,0.0,1,1,4,0,10,22,17
2021-05-05 00:00:00-04:00,41,23,38,16,0,1,1,1,1,0.0,0.0,1,1,4,0,10,22,18
2021-05-06 00:00:00-04:00,42,24,39,16,0,1,1,2,1,0.0,0.0,1,1,4,0,10,22,18
2021-05-07 00:00:00-04:00,43,25,40,16,0,1,1,2,1,0.0,0.0,1,1,4,0,10,22,18
2021-05-08 00:00:00-04:00,43,25,40,16,0,1,1,2,1,0.0,0.0,1,1,4,0,10,22,18
2021-05-09 00:00:00-04:00,43,25,40,16,0,1,1,2,1,0.0,0.0,1,1,4,0,10,22,18
2021-05-10 00:00:00-04:00,42,25,40,15,0,0,1,2,1,0.0,0.0,1,1,4,0,9,22,18
2021-05-11 00:00:00-04:00,42,25,40,15,0,0,1,2,1,0.0,0.0,1,1,4,0,9,22,18
2021-05-12 00:00:00-04:00,42,25,40,15,0,0,1,2,1,0.0,0.0,1,1,4,0,9,22,18
2021-05-13 00:00:00-04:00,42,25,40,15,0,0,1,2,1,0.0,0.0,1,1,4,0,9,22,18
2021-05-14 00:00:00-04:00,42,25,40,15,0,0,1,2,1,0.0,0.0,1,1,4,0,9,22,18
2021-05-15 00:00:00-04:00,42,25,40,15,0,0,1,2,1,0.0,0.0,1,1,4,0,9,22,18
2021-05-16 00:00:00-04:00,43,26,41,15,0,0,1,2,1,0.0,0.0,1,1,4,0,9,23,19
2021-05-17 00:00:00-04:00,43,26,41,15,0,0,1,2,1,0.0,0.0,1,1,4,0,9,23,19
2021-05-18 00:00:00-04:00,43,26,41,15,0,0,1,2,1,0.0,0.0,1,1,4,0,9,23,19
2021-05-19 00:00:00-04:00,42,25,40,15,0,0,1,2,1,0.0,0.0,1,1,4,0,8,23,19
2021-05-20 00:00:00-04:00,42,25,40,15,0,0,1,2,1,0.0,0.0,1,1,4,0,8,23,19
2021-05-21 00:00:00-04:00,42,25,40,15,0,0,1,2,1,0.0,0.0,1,1,4,0,8,23,19
2021-05-22 00:00:00-04:00,42,25,40,15,0,0,1,2,1,0.0,0.0,1,1,4,0,8,23,19
2021-05-23 00:00:00-04:00,42,25,40,15,0,0,1,2,1,0.0,0.0,1,1,4,0,8,23,19
2021-05-24 00:00:00-04:00,42,25,40,15,0,0,1,2,1,0.0,0.0,1,1,4,0,8,23,19
2021-05-25 00:00:00-04:00,42,25,40,15,0,0,1,2,1,0.0,0.0,1,1,4,0,8,23,19
2021-05-26 00:00:00-04:00,42,25,40,15,0,0,1,2,1,0.0,0.0,1,1,4,0,8,23,19
2021-05-27 00:00:00-04:00,42,25,40,15,0,0,1,2,1,0.0,0.0,1,1,4,0,8,23,19
2021-05-28 00:00:00-04:00,42,25,40,15,0,0,1,2,1,0.0,0.0,1,1,4,0,8,23,19
2021-05-29 00:00:00-04:00,42,25,40,15,0,0,1,2,1,0.0,0.0,1,1,4,0,8,23,19
2021-05-30 00:00:00-04:00,42,25,40,15,0,0,1,2,1,0.0,0.0,1,1,4,0,8,23,19
2021-05-31 00:00:00-04:00,42,25,40,15,0,0,1,2,1,0.0,0.0,1,1,4,0,8,23,19
2021-06-01 00:00:00-04:00,42,25,40,15,0,0,1,2,1,0.0,0.0,1,1,4,0,8,23,19
2021-06-02 00:00:00-04:00,42,25,40,15,0,0,1,2,1,0.0,0.0,1,1,4,0,8,23,19
2021-06-03 00:00:00-04:00,42,25,40,15,0,0,1,2,1,0.0,0.0,1,1,4,0,8,23,19
2021-06-04 00:00:00-04:00,42,25,40,15,0,0,1,2,1,0.0,0.0,1,1,4,0,8,23,19
2021-06-05 00:00:00-04:00,42,25,40,15,0,0,1,2,1,0.0,0.0,1,1,4,0,8,23,19
2021-06-06 00:00:00-04:00,42,25,40,15,0,0,1,2,1,0.0,0.0,1,1,4,0,8,23,19
2021-06-07 00:00:00-04:00,44,26,42,16,0,0,1,2,1,0.0,0.0,1,1,4,0,9,23,20
2021-06-08 00:00:00-04:00,44,26,42,16,0,0,1,2,1,0.0,0.0,1,1,4,0,9,23,20
2021-06-09 00:00:00-04:00,44,26,42,16,0,0,1,2,1,0.0,0.0,1,1,4,0,9,23,20
2021-06-10 00:00:00-04:00,44,26,42,16,0,0,1,2,1,0.0,0.0,1,1,4,0,9,23,20
2021-06-11 00:00:00-04:00,44,26,42,16,0,0,1,2,1,0.0,0.0,1,1,4,0,9,23,20
2021-06-12 00:00:00-04:00,44,26,42,16,0,0,1,2,1,0.0,0.0,1,1,4,0,9,23,20
2021-06-13 00:00:00-04:00,44,26,42,16,0,0,1,2,1,0.0,0.0,1,1,4,0,9,23,20
2021-06-14 00:00:00-04:00,44,26,42,16,0,0,1,2,1,0.0,0.0,1,1,4,0,9,23,20
2021-06-15 00:00:00-04:00,44,26,42,16,0,0,1,2,1,0.0,0.0,1,1,4,0,9,23,20
2021-06-16 00:00:00-04:00,44,26,42,16,0,0,1,2,1,0.0,0.0,1,1,4,0,9,23,20
2021-06-17 00:00:00-04:00,44,26,42,16,0,0,1,2,1,0.0,0.0,1,1,4,0,9,23,20
2021-06-18 00:00:00-04:00,44,26,42,16,0,0,1,2,1,0.0,0.0,1,1,4,0,9,23,20
2021-06-19 00:00:00-04:00,44,26,42,16,0,0,1,2,1,0.0,0.0,1,1,4,0,9,23,20
2021-06-20 00:00:00-04:00,44,26,42,16,0,0,1,2,1,0.0,0.0,1,1,4,0,9,23,20
2021-06-21 00:00:00-04:00,44,26,42,16,0,0,1,2,1,0.0,0.0,1,1,4,0,9,23,20
2021-06-22 00:00:00-04:00,44,26,42,16,0,0,1,2,1,0.0,0.0,1,1,4,0,9,23,20
2021-06-23 00:00:00-04:00,44,26,42,16,0,0,1,2,1,0.0,0.0,1,1,4,0,9,23,20
2021-06-24 00:00:00-04:00,44,26,42,16,0,0,1,2,1,0.0,0.0,1,1,4,0,9,23,20
2021-06-25 00:00:00-04:00,44,26,42,16,0,0,1,2,1,0.0,0.0,1,1,4,0,9,23,20
2021-06-26 00:00:00-04:00,43,25,41,15,0,0,1,2,1,0.0,0.0,1,1,4,0,9,22,19
2021-06-27 00:00:00-04:00,43,25,41,15,0,0,1,2,1,0.0,0.0,1,1,4,0,9,22,19
2021-06-28 00:00:00-04:00,43,25,41,15,0,0,1,2,1,0.0,0.0,1,1,4,0,9,22,19
2021-06-29 00:00:00-04:00,44,25,42,15,0,0,1,2,1,0.0,0.0,1,1,4,0,9,23,20
2021-06-30 00:00:00-04:00,44,25,42,15,0,0,1,2,1,0.0,0.0,1,1,4,0,9,23,20
2021-07-01 00:00:00-04:00,44,25,42,15,0,0,1,2,1,0.0,0.0,1,1,4,0,9,23,20
2021-07-02 00:00:00-04:00,44,25,42,15,0,0,1,2,1,0.0,0.0,1,1,4,0,9,23,20
2021-07-03 00:00:00-04:00,44,25,42,15,0,0,1,2,1,0.0,0.0,1,1,4,0,9,23,20
2021-07-04 00:00:00-04:00,44,25,42,15,0,0,1,2,1,0.0,0.0,1,1,4,0,9,23,20
2021-07-05 00:00:00-04:00,44,25,42,15,0,0,1,2,1,0.0,0.0,1,1,4,0,9,23,20
2021-07-06 00:00:00-04:00,44,25,42,15,0,0,1,2,1,0.0,0.0,1,1,4,0,9,23,20
2021-07-07 00:00:00-04:00,44,25,42,15,0,0,1,2,1,0.0,0.0,1,1,4,0,9,23,20
2021-07-08 00:00:00-04:00,44,25,42,15,0,0,1,2,1,0.0,0.0,1,1,4,0,9,23,20
2021-07-09 00:00:00-04:00,44,25,42,15,0,0,1,2,1,0.0,0.0,1,1,4,0,9,23,20
2021-07-10 00:00:00-04:00,44,25,42,15,0,0,1,2,1,0.0,0.0,1,1,4,0,9,23,20
2021-07-11 00:00:00-04:00,44,25,42,15,0,0,1,2,1,0.0,0.0,1,1,4,0,9,23,20
2021-07-12 00:00:00-04:00,44,25,42,15,0,0,1,2,1,0.0,0.0,1,1,4,0,9,23,20
2021-07-13 00:00:00-04:00,44,25,42,15,0,0,1,2,1,0.0,0.0,1,1,4,0,9,23,20
2021-07-14 00:00:00-04:00,44,25,42,15,0,0,1,2,1,0.0,0.0,1,1,4,0,9,23,20
2021-07-15 00:00:00-04:00,44,25,42,15,0,0,1,2,1,0.0,0.0,1,1,4,0,9,23,20
2021-07-16 00:00:00-04:00,44,25,42,15,0,0,1,2,1,0.0,0.0,1,1,4,0,9,23,20
2021-07-17 00:00:00-04:00,44,25,42,15,0,0,1,2,1,0.0,0.0,1,1,4,0,9,23,20
2021-07-18 00:00:00-04:00,44,25,42,15,0,0,1,2,1,0.0,0.0,1,1,4,0,9,23,20
2021-07-19 00:00:00-04:00,44,25,42,15,0,0,1,2,1,0.0,0.0,1,1,4,0,9,23,20
2021-07-20 00:00:00-04:00,44,25,42,15,0,0,1,2,1,0.0,0.0,1,1,4,0,9,23,20
2021-07-21 00:00:00-04:00,44,25,42,15,0,0,1,2,1,0.0,0.0,1,1,4,0,9,23,20
2021-07-22 00:00:00-04:00,44,25,42,15,0,0,1,2,1,0.0,0.0,1,1,4,0,9,23,20
2021-07-23 00:00:00-04:00,44,25,42,15,0,0,1,2,1,0.0,0.0,1,1,4,0,9,23,20
2021-07-24 00:00:00-04:00,44,25,42,15,0,0,1,2,1,0.0,0.0,1,1,4,0,9,23,20
2021-07-25 00:00:00-04:00,44,25,42,15,0,0,1,2,1,0.0,0.0,1,1,4,0,9,23,20
2021-07-26 00:00:00-04:00,44,25,42,15,0,0,1,2,1,0.0,0.0,1,1,4,0,9,23,20
2021-07-27 00:00:00-04:00,44,25,42,15,0,0,1,2,1,0.0,0.0,1,1,4,0,9,23,20
2021-07-28 00:00:00-04:00,44,25,42,15,0,0,1,2,1,0.0,0.0,1,1,4,0,9,23,20
2021-07-29 00:00:00-04:00,44,25,42,15,0,0,1,2,1,0.0,0.0,1,1,4,0,9,23,20
2021-07-30 00:00:00-04:00,44,25,42,15,0,0,1,2,1,0.0,0.0,1,1,4,0,9,23,20
2021-07-31 00:00:00-04:00,44,25,42,15,0,0,1,2,1,0.0,0.0,1,1,4,0,9,23,20
2021-08-01 00:00:00-04:00,44,25,42,15,0,0,1,2,1,0.0,0.0,1,1,4,0,9,23,20
2021-08-02 00:00:00-04:00,44,25,42,15,0,0,1,2,1,0.0,0.0,1,1,4,0,9,23,20
2021-08-03 00:00:00-04:00,44,25,42,15,0,0,1,2,1,0.0,0.0,1,1,4,0,9,23,20
2021-08-04 00:00:00-04:00,44,25,42,15,0,0,1,2,1,0.0,0.0,1,1,4,0,9,23,20
2021-08-05 00:00:00-04:00,44,25,42,15,0,0,1,2,1,0.0,0.0,1,1,4,0,9,23,20
2021-08-06 00:00:00-04:00,44,25,42,15,0,0,1,2,1,0.0,0.0,1,1,4,0,9,23,20
2021-08-07 00:00:00-04:00,44,25,42,15,0,0,1,2,1,0.0,0.0,1,1,4,0,9,23,20
2021-08-08 00:00:00-04:00,44,25,42,15,0,0,1,2,1,0.0,0.0,1,1,4,0,9,23,20
2021-08-09 00:00:00-04:00,44,25,42,15,0,0,1,2,1,0.0,0.0,1,1,4,0,9,23,20
2021-08-10 00:00:00-04:00,44,25,42,15,0,0,1,2,1,0.0,0.0,1,1,4,0,9,23,20
2021-08-11 00:00:00-04:00,44,25,42,15,0,0,1,2,1,0.0,0.0,1,1,4,0,9,23,20
2021-08-12 00:00:00-04:00,44,25,42,15,0,0,1,2,1,0.0,0.0,1,1,4,0,9,23,20
2021-08-13 00:00:00-04:00,43,25,41,15,0,0,1,2,1,0.0,0.0,1,1,4,0,9,22,19
2021-08-14 00:00:00-04:00,43,25,41,15,0,0,1,2,1,0.0,0.0,1,1,4,0,9,22,19
2021-08-15 00:00:00-04:00,43,25,41,15,0,0,1,2,1,0.0,0.0,1,1,4,0,9,22,19
2021-08-16 00:00:00-04:00,43,25,41,15,0,0,1,2,1,0.0,0.0,1,1,4,0,9,22,19
2021-08-17 00:00:00-04:00,43,25,41,15,0,0,1,2,1,0.0,0.0,1,1,4,0,9,22,19
2021-08-18 00:00:00-04:00,43,25,41,15,0,0,1,2,1,0.0,0.0,1,1,4,0,9,22,19
2021-08-19 00:00:00-04:00,42,24,40,15,0,0,1,2,1,0.0,0.0,1,1,4,0,9,21,19
2021-08-20 00:00:00-04:00,42,24,40,15,0,0,1,2,1,0.0,0.0,1,1,4,0,9,21,19
2021-08-21 00:00:00-04:00,42,24,40,15,0,0,1,2,1,0.0,0.0,1,1,4,0,9,21,19
2021-08-22 00:00:00-04:00,42,24,40,15,0,0,1,2,1,0.0,0.0,1,1,4,0,9,21,19
2021-08-23 00:00:00-04:00,42,24,40,15,0,0,1,2,1,0.0,0.0,1,1,4,0,9,21,19
2021-08-24 00:00:00-04:00,42,24,40,15,0,0,1,2,1,0.0,0.0,1,1,4,0,9,21,19
2021-08-25 00:00:00-04:00,42,24,40,15,0,0,1,2,1,0.0,0.0,1,1,4,0,9,21,19
2021-08-26 00:00:00-04:00,42,24,40,15,0,0,1,2,1,0.0,0.0,1,1,4,0,9,21,19
2021-08-27 00:00:00-04:00,42,24,40,15,0,0,1,2,1,0.0,0.0,1,1,4,0,9,21,19
2021-08-28 00:00:00-04:00,42,24,40,15,0,0,1,2,1,0.0,0.0,1,1,4,0,9,21,19
2021-08-29 00:00:00-04:00,42,24,40,15,0,0,1,2,1,0.0,0.0,1,1,4,0,9,21,19
2021-08-30 00:00:00-04:00,42,24,40,15,0,0,1,2,1,0.0,0.0,1,1,4,0,9,21,19
2021-08-31 00:00:00-04:00,42,24,40,15,0,0,1,2,1,0.0,0.0,1,1,4,0,9,21,19
2021-09-01 00:00:00-04:00,42,24,40,15,0,0,1,2,1,0.0,0.0,1,1,4,0,9,21,19
2021-09-02 00:00:00-04:00,43,24,40,15,0,0,1,2,1,0.0,0.0,1,1,5,0,10,21,19
2021-09-03 00:00:00-04:00,43,24,40,15,0,0,1,2,1,0.0,0.0,1,1,5,0,10,21,19
2021-09-04 00:00:00-04:00,43,24,40,15,0,0,1,2,1,0.0,0.0,1,1,5,0,10,21,19
2021-09-05 00:00:00-04:00,43,24,40,15,0,0,1,2,1,0.0,0.0,1,1,5,0,10,21,19
2021-09-06 00:00:00-04:00,43,24,40,15,0,0,1,2,1,0.0,0.0,1,1,5,0,10,21,19
2021-09-07 00:00:00-04:00,43,24,40,15,0,0,1,2,1,0.0,0.0,1,1,5,0,10,21,19
2021-09-08 00:00:00-04:00,43,24,40,15,0,0,1,2,1,0.0,0.0,1,1,5,0,10,21,19
2021-09-09 00:00:00-04:00,43,24,40,15,0,0,1,2,1,0.0,0.0,1,1,5,0,10,21,19
2021-09-10 00:00:00-04:00,44,25,41,15,0,0,1,2,1,0.0,0.0,1,1,5,0,10,22,19
2021-09-11 00:00:00-04:00,43,24,40,15,0,0,1,2,1,0.0,0.0,1,1,5,0,10,21,19
2021-09-12 00:00:00-04:00,43,24,40,15,0,0,1,2,1,0.0,0.0,1,1,5,0,10,21,19
2021-09-13 00:00:00-04:00,43,24,40,15,0,0,1,2,1,0.0,0.0,1,1,5,0,10,21,19
2021-09-14 00:00:00-04:00,43,24,40,15,0,0,1,2,1,0.0,0.0,1,1,5,0,10,21,19
2021-09-15 00:00:00-04:00,44,25,41,16,0,0,1,2,1,0.0,0.0,1,1,5,0,10,22,20
2021-09-16 00:00:00-04:00,45,26,42,16,0,0,1,2,1,0.0,0.0,1,1,5,0,10,23,21
2021-09-17 00:00:00-04:00,45,26,42,16,0,0,1,2,1,0.0,0.0,1,1,5,0,10,23,21
2021-09-18 00:00:00-04:00,45,26,42,16,0,0,1,2,1,0.0,0.0,1,1,5,0,10,23,21
2021-09-19 00:00:00-04:00,45,26,42,16,0,0,1,2,1,0.0,0.0,1,1,5,0,10,23,21
2021-09-20 00:00:00-04:00,45,26,42,16,0,0,1,2,1,0.0,0.0,1,1,5,0,10,23,21
2021-09-21 00:00:00-04:00,45,26,42,16,0,0,1,2,1,0.0,0.0,1,1,5,0,10,23,21
2021-09-22 00:00:00-04:00,45,26,42,16,0,0,1,2,1,0.0,0.0,1,1,5,0,10,23,21
2021-09-23 00:00:00-04:00,45,26,42,16,0,0,1,2,1,0.0,0.0,1,1,5,0,10,23,21
2021-09-24 00:00:00-04:00,45,26,42,16,0,0,1,2,1,0.0,0.0,1,1,5,0,10,23,21
2021-09-25 00:00:00-04:00,45,26,42,16,0,0,1,2,1,0.0,0.0,1,1,5,0,10,23,21
2021-09-26 00:00:00-04:00,45,26,42,16,0,0,1,2,1,0.0,0.0,1,1,5,0,10,23,21
2021-09-27 00:00:00-04:00,45,26,42,16,0,0,1,2,1,0.0,0.0,1,1,5,0,10,23,21
2021-09-28 00:00:00-04:00,45,26,42,16,0,0,1,2,1,0.0,0.0,1,1,5,0,10,23,21
2021-09-29 00:00:00-04:00,44,25,41,16,0,0,1,2,1,0.0,0.0,1,1,5,0,10,23,21
2021-09-30 00:00:00-04:00,44,25,41,16,0,0,1,2,1,0.0,0.0,1,1,5,0,10,23,21
2021-10-01 00:00:00-04:00,43,24,40,16,0,0,1,2,1,0.0,0.0,1,1,5,0,10,23,21
2021-10-02 00:00:00-04:00,44,24,41,18,0,0,1,2,1,0.0,0.0,1,1,6,0,11,23,21
2021-10-03 00:00:00-04:00,44,24,41,18,0,0,1,2,1,0.0,0.0,1,1,6,0,11,23,21
2021-10-04 00:00:00-04:00,44,24,41,18,0,0,1,2,1,0.0,0.0,1,1,6,0,11,23,21
2021-10-05 00:00:00-04:00,44,24,41,18,0,0,1,2,1,0.0,0.0,1,1,6,0,11,23,21
2021-10-06 00:00:00-04:00,44,24,41,18,0,0,1,2,1,0.0,0.0,1,1,6,0,11,23,21
2021-10-07 00:00:00-04:00,44,24,41,18,0,0,1,2,1,0.0,0.0,1,1,6,0,11,23,21
2021-10-08 00:00:00-04:00,47,27,44,19,0,0,1,2,1,0.0,0.0,1,1,6,0,12,25,22
2021-10-09 00:00:00-04:00,46,26,43,19,0,0,1,2,1,0.0,0.0,1,1,6,0,12,24,22
2021-10-10 00:00:00-04:00,45,25,42,19,0,0,1,2,1,0.0,0.0,1,1,6,0,12,23,21
2021-10-11 00:00:00-04:00,45,25,42,19,0,0,1,2,1,0.0,0.0,1,1,6,0,12,23,21
2021-10-12 00:00:00-04:00,46,26,43,19,0,0,1,2,1,0.0,0.0,1,1,6,0,13,23,21
2021-10-13 00:00:00-04:00,46,26,43,19,0,0,1,2,1,0.0,0.0,1,1,6,0,13,23,21
2021-10-14 00:00:00-04:00,46,26,43,19,0,0,1,2,1,0.0,0.0,1,1,6,0,13,23,21
2021-10-15 00:00:00-04:00,46,26,43,19,0,0,1,2,1,0.0,0.0,1,1,6,0,13,23,21
2021-10-16 00:00:00-04:00,46,26,43,19,0,0,1,2,1,0.0,0.0,1,1,6,0,13,23,21
2021-10-17 00:00:00-04:00,45,25,42,19,0,0,1,2,1,0.0,0.0,1,1,6,0,13,22,20
2021-10-18 00:00:00-04:00,45,25,42,19,0,0,1,2,1,0.0,0.0,1,1,6,0,13,22,20
2021-10-19 00:00:00-04:00,46,26,43,19,0,0,1,2,1,0.0,0.0,1,1,6,0,14,22,20
2021-10-20 00:00:00-04:00,46,26,43,19,0,0,1,2,1,0.0,0.0,1,1,6,0,14,22,20
2021-10-21 00:00:00-04:00,46,26,43,19,0,0,1,2,1,0.0,0.0,1,1,6,0,14,22,20
2021-10-22 00:00:00-04:00,46,26,43,19,0,0,1,2,1,0.0,0.0,1,1,6,0,14,22,20
2021-10-23 00:00:00-04:00,46,26,43,19,0,0,1,2,1,0.0,0.0,1,1,6,0,14,22,20
2021-10-24 00:00:00-04:00,46,26,43,19,0,0,1,2,1,0.0,0.0,1,1,6,0,14,22,20
2021-10-25 00:00:00-04:00,46,26,43,19,0,0,1,2,1,0.0,0.0,1,1,6,0,14,22,20
2021-10-26 00:00:00-04:00,46,26,43,19,0,0,1,2,1,0.0,0.0,1,1,6,0,14,22,20
2021-10-27 00:00:00-04:00,46,26,43,19,0,0,1,2,1,0.0,0.0,1,1,6,0,14,22,20
2021-10-28 00:00:00-04:00,46,26,43,19,0,0,1,2,1,0.0,0.0,1,1,6,0,14,22,20
2021-10-29 00:00:00-04:00,46,26,43,19,0,0,1,2,1,0.0,0.0,1,1,6,0,14,22,20
2021-10-30 00:00:00-04:00,46,26,43,19,0,0,1,2,1,0.0,0.0,1,1,6,0,14,22,20
2021-10-31 00:00:00-04:00,47,27,44,19,0,0,1,2,1,0.0,0.0,1,1,6,0,14,23,20
2021-11-01 00:00:00-04:00,47,27,44,19,0,0,1,2,1,0.0,0.0,1,1,6,0,14,23,20
2021-11-02 00:00:00-04:00,47,27,44,19,0,0,1,2,1,0.0,0.0,1,1,6,0,14,23,20
2021-11-03 00:00:00-04:00,47,27,44,19,0,0,1,2,1,0.0,0.0,1,1,6,0,14,23,20
2021-11-04 00:00:00-04:00,48,28,45,19,0,0,1,2,1,0.0,0.0,1,1,6,0,14,24,21
2021-11-05 00:00:00-04:00,48,28,45,19,0,0,1,2,1,0.0,0.0,1,1,6,0,14,24,21
2021-11-06 00:00:00-04:00,48,28,45,19,0,0,1,2,1,0.0,0.0,1,1,6,0,14,24,21
2021-11-07 00:00:00-04:00,48,28,45,19,0,0,1,2,1,0.0,0.0,1,1,6,0,14,24,21
2021-11-08 00:00:00-05:00,48,28,45,19,0,0,1,2,1,0.0,0.0,1,1,6,0,14,24,21
2021-11-09 00:00:00-05:00,48,28,45,19,0,0,1,2,1,0.0,0.0,1,1,6,0,14,24,21
2021-11-10 00:00:00-05:00,48,28,45,19,0,0,1,2,1,0.0,0.0,1,1,6,0,14,24,21
2021-11-11 00:00:00-05:00,47,28,44,18,0,0,1,2,1,0.0,0.0,1,1,6,0,14,24,21
2021-11-12 00:00:00-05:00,47,28,44,18,0,0,1,2,1,0.0,0.0,1,1,6,0,14,24,21
2021-11-13 00:00:00-05:00,47,28,44,18,0,0,1,2,1,0.0,0.0,1,1,6,0,14,24,21
2021-11-14 00:00:00-05:00,47,28,44,18,0,0,1,2,1,0.0,0.0,1,1,6,0,14,24,21
2021-11-15 00:00:00-05:00,47,28,44,18,0,0,1,2,1,0.0,0.0,1,1,6,0,14,24,21
2021-11-16 00:00:00-05:00,47,28,44,18,0,0,1,2,1,0.0,0.0,1,1,6,0,14,24,21
2021-11-17 00:00:00-05:00,46,27,43,18,0,0,1,2,1,0.0,0.0,1,1,6,0,14,23,20
2021-11-18 00:00:00-05:00,46,27,43,18,0,0,1,2,1,0.0,0.0,1,1,6,0,14,23,20
2021-11-19 00:00:00-05:00,46,27,43,18,0,0,1,2,1,0.0,0.0,1,1,6,0,14,23,20
2021-11-20 00:00:00-05:00,46,27,43,18,0,0,1,2,1,0.0,0.0,1,1,6,0,14,23,20
2021-11-21 00:00:00-05:00,46,27,43,18,0,0,1,2,1,0.0,0.0,1,1,6,0,14,23,20
2021-11-22 00:00:00-05:00,46,27,43,18,0,0,1,2,1,0.0,0.0,1,1,6,0,14,23,20
2021-11-23 00:00:00-05:00,46,27,43,18,0,0,1,2,1,0.0,0.0,1,1,6,0,14,23,20
2021-11-24 00:00:00-05:00,46,27,43,18,0,0,1,2,1,0.0,0.0,1,1,6,0,14,23,20
2021-11-25 00:00:00-05:00,46,27,43,18,0,0,1,2,1,0.0,0.0,1,1,6,0,14,23,20
2021-11-26 00:00:00-05:00,46,27,43,18,0,0,1,2,1,0.0,0.0,1,1,6,0,14,23,20
2021-11-27 00:00:00-05:00,46,27,43,18,0,0,1,2,1,0.0,0.0,1,1,6,0,14,23,20
2021-11-28 00:00:00-05:00,46,27,43,18,0,0,1,2,1,0.0,0.0,1,1,6,0,14,23,20
2021-11-29 00:00:00-05:00,46,27,43,18,0,0,1,2,1,0.0,0.0,1,1,6,0,14,23,20
2021-11-30 00:00:00-05:00,47,28,44,19,0,0,1,2,1,0.0,0.0,1,1,6,0,14,23,20
2021-12-01 00:00:00-05:00,47,28,44,19,0,0,1,2,1,0.0,0.0,1,1,6,0,14,23,20
2021-12-02 00:00:00-05:00,47,28,44,19,0,0,1,2,1,0.0,0.0,1,1,6,0,14,23,20
2021-12-03 00:00:00-05:00,48,29,45,19,0,0,1,2,1,0.0,0.0,1,1,6,0,14,24,20
2021-12-04 00:00:00-05:00,47,28,44,19,0,0,1,2,1,0.0,0.0,1,1,6,0,13,24,20
2021-12-05 00:00:00-05:00,47,28,44,19,0,0,1,2,1,0.0,0.0,1,1,6,0,13,24,20
2021-12-06 00:00:00-05:00,48,29,45,19,0,0,1,2,1,0.0,0.0,1,1,6,0,14,24,20
2021-12-07 00:00:00-05:00,48,29,45,19,0,0,1,2,1,0.0,0.0,1,1,6,0,14,24,20
2021-12-08 00:00:00-05:00,49,29,46,20,0,0,1,2,1,0.0,0.0,1,1,7,0,14,24,20
2021-12-09 00:00:00-05:00,50,30,47,20,0,0,1,2,1,0.0,0.0,1,1,7,0,15,24,20
2021-12-10 00:00:00-05:00,50,30,47,20,0,0,1,2,1,0.0,0.0,1,1,7,0,15,24,20
2021-12-11 00:00:00-05:00,51,31,48,20,0,0,1,2,1,0.0,0.0,1,1,7,0,15,25,21
2021-12-12 00:00:00-05:00,51,31,48,20,0,0,1,2,1,0.0,0.0,1,1,7,0,15,25,21
2021-12-13 00:00:00-05:00,50,30,47,20,0,0,1,2,1,0.0,0.0,1,1,7,0,14,25,21
2021-12-14 00:00:00-05:00,50,30,47,20,0,0,1,2,1,0.0,0.0,1,1,7,0,14,25,21
2021-12-15 00:00:00-05:00,51,30,48,21,0,0,1,2,1,0.0,0.0,1,1,7,0,14,26,21
2021-12-16 00:00:00-05:00,51,30,48,21,0,0,1,2,1,0.0,0.0,1,1,7,0,14,26,21
2021-12-17 00:00:00-05:00,51,30,48,21,0,0,1,2,1,0.0,0.0,1,1,7,0,14,26,20
2021-12-18 00:00:00-05:00,50,30,47,20,0,0,1,2,1,0.0,0.0,1,1,7,0,13,26,20
2021-12-19 00:00:00-05:00,50,30,47,20,0,0,1,2,1,0.0,0.0,1,1,7,0,13,26,20
2021-12-20 00:00:00-05:00,50,30,47,20,0,0,1,2,1,0.0,0.0,1,1,7,0,13,26,20
2021-12-21 00:00:00-05:00,50,30,47,20,0,0,1,2,1,0.0,0.0,1,1,7,0,13,26,20
2021-12-22 00:00:00-05:00,50,30,47,20,0,0,1,2,1,0.0,0.0,1,1,7,0,13,26,20
2021-12-23 00:00:00-05:00,50,30,47,20,0,0,1,2,1,0.0,0.0,1,1,7,0,13,26,20
2021-12-24 00:00:00-05:00,50,30,47,20,0,0,1,2,1,0.0,0.0,1,1,7,0,13,26,20
2021-12-25 00:00:00-05:00,50,30,47,20,0,0,1,2,1,0.0,0.0,1,1,7,0,13,26,20
2021-12-26 00:00:00-05:00,50,30,47,20,0,0,1,2,1,0.0,0.0,1,1,7,0,13,26,20
2021-12-27 00:00:00-05:00,50,30,47,20,0,0,1,2,1,0.0,0.0,1,1,7,0,13,26,20
2021-12-28 00:00:00-05:00,50,30,47,20,0,0,1,2,1,0.0,0.0,1,1,7,0,13,26,20
2021-12-29 00:00:00-05:00,50,30,47,20,0,0,1,2,1,0.0,0.0,1,1,7,0,13,26,20
2021-12-30 00:00:00-05:00,50,30,47,20,0,0,1,2,1,0.0,0.0,1,1,7,0,13,26,20
2021-12-31 00:00:00-05:00,49,29,46,20,0,0,1,2,1,0.0,0.0,1,1,7,0,13,25,20
2022-01-01 00:00:00-05:00,49,29,46,20,0,0,1,2,1,0.0,0.0,1,1,7,0,13,25,20
2022-01-02 00:00:00-05:00,49,29,46,20,0,0,1,2,1,0.0,0.0,1,1,7,0,13,25,20
2022-01-03 00:00:00-05:00,49,29,46,20,0,0,1,2,1,0.0,0.0,1,1,7,0,13,25,20
2022-01-04 00:00:00-05:00,49,29,46,20,0,0,1,2,1,0.0,0.0,1,1,7,0,14,24,19
2022-01-05 00:00:00-05:00,49,29,46,20,0,0,1,2,1,0.0,0.0,1,1,7,0,14,24,19
2022-01-06 00:00:00-05:00,49,29,46,20,0,0,1,2,1,0.0,0.0,1,1,7,0,14,24,19
2022-01-07 00:00:00-05:00,49,29,46,20,0,0,1,2,1,0.0,0.0,1,1,7,0,14,24,19
2022-01-08 00:00:00-05:00,49,29,46,20,0,0,1,2,1,0.0,0.0,1,1,7,0,14,24,19
2022-01-09 00:00:00-05:00,48,28,45,19,0,0,1,2,1,0.0,0.0,1,1,7,0,14,23,18
2022-01-10 00:00:00-05:00,48,28,45,19,0,0,1,2,1,0.0,0.0,1,1,7,0,14,23,18
2022-01-11 00:00:00-05:00,48,28,45,19,0,0,1,2,1,0.0,0.0,1,1,7,0,14,23,18
2022-01-12 00:00:00-05:00,48,28,45,19,0,0,1,2,1,0.0,0.0,1,1,7,0,14,23,18
2022-01-13 00:00:00-05:00,47,27,44,19,0,0,1,2,1,0.0,0.0,1,1,7,0,14,22,17
2022-01-14 00:00:00-05:00,47,27,44,19,0,0,1,2,1,0.0,0.0,1,1,7,0,14,22,17
2022-01-15 00:00:00-05:00,47,27,44,19,0,0,1,2,1,0.0,0.0,1,1,7,0,14,22,17
2022-01-16 00:00:00-05:00,47,27,44,19,0,0,1,2,1,0.0,0.0,1,1,7,0,14,22,17
2022-01-17 00:00:00-05:00,47,27,44,19,0,0,1,2,1,0.0,0.0,1,1,7,0,14,22,17
2022-01-18 00:00:00-05:00,49,28,46,21,0,0,1,2,1,0.0,0.0,1,1,7,0,15,22,17
2022-01-19 00:00:00-05:00,49,28,46,21,0,0,1,2,1,0.0,0.0,1,1,7,0,15,22,17
2022-01-20 00:00:00-05:00,48,27,45,21,0,0,1,2,1,0.0,0.0,1,1,7,0,15,21,17
2022-01-21 00:00:00-05:00,48,27,45,21,0,0,1,2,1,0.0,0.0,1,1,7,0,15,21,17
2022-01-22 00:00:00-05:00,48,27,45,21,0,0,1,2,1,0.0,0.0,1,1,7,0,15,21,17
2022-01-23 00:00:00-05:00,48,27,45,21,0,0,1,2,1,0.0,0.0,1,1,7,0,15,21,17
2022-01-24 00:00:00-05:00,48,27,45,21,0,0,1,2,1,0.0,0.0,1,1,7,0,15,21,17
2022-01-25 00:00:00-05:00,48,27,45,21,0,0,1,2,1,0.0,0.0,1,1,7,0,15,21,17
2022-01-26 00:00:00-05:00,48,27,45,21,0,0,1,2,1,0.0,0.0,1,1,7,0,15,21,17
2022-01-27 00:00:00-05:00,48,27,45,21,0,0,1,2,1,0.0,0.0,1,1,7,0,15,21,17
2022-01-28 00:00:00-05:00,48,27,45,21,0,0,1,2,1,0.0,0.0,1,1,7,0,15,21,17
2022-01-29 00:00:00-05:00,48,27,45,21,0,0,1,2,1,0.0,0.0,1,1,7,0,15,21,17
2022-01-30 00:00:00-05:00,48,27,45,21,0,0,1,2,1,0.0,0.0,1,1,7,0,15,21,17
2022-01-31 00:00:00-05:00,48,27,45,21,0,0,1,2,1,0.0,0.0,1,1,7,0,15,21,17
2022-02-01 00:00:00-05:00,48,27,45,21,0,0,1,2,1,0.0,0.0,1,1,7,0,15,21,17
2022-02-02 00:00:00-05:00,48,27,45,21,0,0,1,2,1,0.0,0.0,1,1,7,0,15,21,17
2022-02-03 00:00:00-05:00,48,27,45,21,0,0,1,2,1,0.0,0.0,1,1,7,0,15,21,17
2022-02-04 00:00:00-05:00,48,27,45,21,0,0,1,2,1,0.0,0.0,1,1,7,0,15,21,17
2022-02-05 00:00:00-05:00,48,27,45,21,0,0,1,2,1,0.0,0.0,1,1,7,0,15,21,17
2022-02-06 00:00:00-05:00,47,27,44,20,0,0,1,2,1,0.0,0.0,1,1,6,0,15,21,17
2022-02-07 00:00:00-05:00,47,27,44,20,0,0,1,2,1,0.0,0.0,1,1,6,0,15,21,17
2022-02-08 00:00:00-05:00,47,27,44,20,0,0,1,2,1,0.0,0.0,1,1,6,0,15,21,17
2022-02-09 00:00:00-05:00,47,27,44,20,0,0,1,2,1,0.0,0.0,1,1,6,0,15,21,17
2022-02-10 00:00:00-05:00,47,27,44,20,0,0,1,2,1,0.0,0.0,1,1,6,0,15,21,17
2022-02-11 00:00:00-05:00,45,26,42,18,0,0,1,2,1,0.0,0.0,1,1,6,0,15,19,16
2022-02-12 00:00:00-05:00,45,26,42,18,0,0,1,2,1,0.0,0.0,1,1,6,0,15,19,16
2022-02-13 00:00:00-05:00,45,26,42,18,0,0,1,2,1,0.0,0.0,1,1,6,0,15,19,16
2022-02-14 00:00:00-05:00,45,26,42,18,0,0,1,2,1,0.0,0.0,1,1,6,0,15,19,16
2022-02-15 00:00:00-05:00,46,26,43,18,0,0,1,2,1,0.0,0.0,1,1,6,0,15,20,17
2022-02-16 00:00:00-05:00,46,26,43,18,0,0,1,2,1,0.0,0.0,1,1,6,0,15,20,17
2022-02-17 00:00:00-05:00,44,26,42,17,0,0,1,2,1,0.0,0.0,1,1,5,0,14,20,16
2022-02-18 00:00:00-05:00,46,28,44,17,0,0,1,2,1,0.0,0.0,1,1,5,0,14,21,16
2022-02-19 00:00:00-05:00,45,28,43,17,0,0,1,2,1,0.0,0.0,1,1,5,0,14,20,15
2022-02-20 00:00:00-05:00,45,28,43,17,0,0,1,2,1,0.0,0.0,1,1,5,0,14,20,15
2022-02-21 00:00:00-05:00,46,29,44,18,0,0,1,2,1,0.0,0.0,1,1,5,0,14,21,15
2022-02-22 00:00:00-05:00,45,28,43,17,0,0,1,2,1,0.0,0.0,1,1,5,0,14,20,14
2022-02-23 00:00:00-05:00,45,28,43,17,0,0,1,2,1,0.0,0.0,1,1,5,0,14,20,14
2022-02-24 00:00:00-05:00,46,29,44,17,0,0,1,2,1,0.0,0.0,1,1,5,0,14,21,14
2022-02-25 00:00:00-05:00,46,29,44,17,0,0,1,2,1,0.0,0.0,1,1,5,0,14,21,14
2022-02-26 00:00:00-05:00,45,28,43,17,0,0,1,2,1,0.0,0.0,1,1,5,0,14,20,13
2022-02-27 00:00:00-05:00,45,28,43,17,0,0,1,2,1,0.0,0.0,1,1,5,0,14,20,13
2022-02-28 00:00:00-05:00,45,28,43,17,0,0,1,2,1,0.0,0.0,1,1,5,0,14,20,13
2022-03-01 00:00:00-05:00,45,28,43,17,0,0,1,2,1,0.0,0.0,1,1,5,0,14,20,13
2022-03-02 00:00:00-05:00,45,28,43,17,0,0,1,2,1,0.0,0.0,1,1,5,0,14,20,13
2022-03-03 00:00:00-05:00,45,28,43,17,0,0,1,2,1,0.0,0.0,1,1,5,0,14,20,13
2022-03-04 00:00:00-05:00,44,27,42,17,0,0,1,2,1,0.0,0.0,1,1,5,0,14,19,13
2022-03-05 00:00:00-05:00,44,27,42,17,0,0,1,2,1,0.0,0.0,1,1,5,0,14,19,13
2022-03-06 00:00:00-05:00,44,27,42,17,0,0,1,2,1,0.0,0.0,1,1,5,0,14,19,13
2022-03-07 00:00:00-05:00,44,27,42,17,0,0,1,2,1,0.0,0.0,1,1,5,0,14,19,13
2022-03-08 00:00:00-05:00,43,26,41,17,0,0,1,2,1,0.0,0.0,1,1,5,0,14,18,13
2022-03-09 00:00:00-05:00,43,26,41,17,0,0,1,2,1,0.0,0.0,1,1,5,0,14,18,13
2022-03-10 00:00:00-05:00,44,27,42,17,0,0,1,2,1,0.0,0.0,1,1,5,0,14,19,13
2022-03-11 00:00:00-05:00,45,27,42,18,0,0,1,2,2,0.0,0.0,1,1,5,0,15,19,13
2022-03-12 00:00:00-05:00,46,28,43,18,0,0,1,2,2,0.0,0.0,1,1,5,0,15,20,14
2022-03-13 00:00:00-05:00,46,28,43,18,0,0,1,2,2,0.0,0.0,1,1,5,0,15,20,14
2022-03-14 00:00:00-04:00,46,28,43,18,0,0,1,2,2,0.0,0.0,1,1,5,0,15,20,14
2022-03-15 00:00:00-04:00,46,28,43,18,0,0,1,2,2,0.0,0.0,1,1,5,0,15,20,14
2022-03-16 00:00:00-04:00,46,28,43,18,0,0,1,2,2,0.0,0.0,1,1,5,0,15,20,14
2022-03-17 00:00:00-04:00,46,28,43,18,0,0,1,2,2,0.0,0.0,1,1,5,0,15,20,14
2022-03-18 00:00:00-04:00,46,28,43,18,0,0,1,2,2,0.0,0.0,1,1,5,0,15,20,14
2022-03-19 00:00:00-04:00,46,28,43,18,0,0,1,2,2,0.0,0.0,1,1,5,0,15,20,14
2022-03-20 00:00:00-04:00,46,28,43,18,0,0,1,2,2,0.0,0.0,1,1,5,0,15,20,14
2022-03-21 00:00:00-04:00,46,28,43,18,0,0,1,2,2,0.0,0.0,1,1,5,0,15,20,14
2022-03-22 00:00:00-04:00,46,28,43,18,0,0,1,2,2,0.0,0.0,1,1,5,0,15,20,14
2022-03-23 00:00:00-04:00,46,28,43,18,0,0,1,2,2,0.0,0.0,1,1,5,0,15,20,14
2022-03-24 00:00:00-04:00,46,28,43,18,0,0,1,2,2,0.0,0.0,1,1,5,0,15,20,14
2022-03-25 00:00:00-04:00,46,28,43,18,0,0,1,2,2,0.0,0.0,1,1,5,0,15,20,14
2022-03-26 00:00:00-04:00,46,28,43,18,0,0,1,2,2,0.0,0.0,1,1,5,0,15,20,14
2022-03-27 00:00:00-04:00,46,28,43,18,0,0,1,2,2,0.0,0.0,1,1,5,0,15,20,14
2022-03-28 00:00:00-04:00,46,28,43,18,0,0,1,2,2,0.0,0.0,1,1,5,0,15,20,14
2022-03-29 00:00:00-04:00,46,28,43,18,0,0,1,2,2,0.0,0.0,1,1,5,0,15,20,14
2022-03-30 00:00:00-04:00,45,27,42,18,0,0,1,2,2,0.0,0.0,1,1,5,0,15,19,14
2022-03-31 00:00:00-04:00,46,27,43,18,0,0,1,2,2,0.0,0.0,1,1,5,0,15,20,15
2022-04-01 00:00:00-04:00,47,28,44,19,0,0,1,2,2,0.0,0.0,1,1,5,0,15,21,16
2022-04-02 00:00:00-04:00,48,29,45,19,0,0,1,2,2,0.0,0.0,1,1,5,0,15,22,16
2022-04-03 00:00:00-04:00,48,29,45,19,0,0,1,2,2,0.0,0.0,1,1,5,0,15,22,16
2022-04-04 00:00:00-04:00,48,29,45,19,0,0,1,2,2,0.0,0.0,1,1,5,0,15,22,16
2022-04-05 00:00:00-04:00,48,29,45,19,0,0,1,2,2,0.0,0.0,1,1,5,0,15,22,16
2022-04-06 00:00:00-04:00,49,30,46,19,0,0,1,2,2,0.0,0.0,1,1,5,0,15,23,16
2022-04-07 00:00:00-04:00,49,30,46,19,0,0,1,2,2,0.0,0.0,1,1,5,0,15,23,16
2022-04-08 00:00:00-04:00,49,30,46,19,0,0,1,2,2,0.0,0.0,1,1,5,0,15,23,16
2022-04-09 00:00:00-04:00,49,30,46,19,0,0,1,2,2,0.0,0.0,1,1,5,0,15,23,16
2022-04-10 00:00:00-04:00,48,30,45,19,0,0,1,2,1,0.0,0.0,1,1,5,0,15,22,17
2022-04-11 00:00:00-04:00,49,31,46,20,0,0,1,2,1,0.0,0.0,1,1,5,0,15,23,17
2022-04-12 00:00:00-04:00,49,31,46,20,0,0,1,2,1,0.0,0.0,1,1,5,0,15,23,17
2022-04-13 00:00:00-04:00,49,31,46,20,0,0,1,2,1,0.0,0.0,1,1,5,0,15,23,17
2022-04-14 00:00:00-04:00,49,31,46,20,0,0,1,2,1,0.0,0.0,1,1,5,0,15,23,17
2022-04-15 00:00:00-04:00,49,31,46,20,0,0,1,2,1,0.0,0.0,1,1,5,0,15,23,17
2022-04-16 00:00:00-04:00,49,31,46,20,0,0,1,2,1,0.0,0.0,1,1,5,0,15,23,17
2022-04-17 00:00:00-04:00,48,31,46,19,0,0,1,2,1,0.0,0.0,1,1,5,0,14,23,16
2022-04-18 00:00:00-04:00,48,31,46,19,0,0,1,2,1,0.0,0.0,1,1,5,0,14,23,16
2022-04-19 00:00:00-04:00,48,31,46,19,0,0,1,2,1,0.0,0.0,1,1,5,0,14,23,16
2022-04-20 00:00:00-04:00,47,30,45,19,0,0,1,2,1,0.0,0.0,1,1,5,0,13,23,16
2022-04-21 00:00:00-04:00,47,30,45,19,0,0,1,2,1,0.0,0.0,1,1,5,0,13,23,16
2022-04-22 00:00:00-04:00,45,28,43,17,0,0,1,2,1,0.0,0.0,1,1,4,0,12,22,15
2022-04-23 00:00:00-04:00,44,27,42,16,0,0,1,2,1,0.0,0.0,1,1,4,0,12,21,14
2022-04-24 00:00:00-04:00,44,27,42,16,0,0,1,2,1,0.0,0.0,1,1,4,0,12,21,14
2022-04-25 00:00:00-04:00,44,27,42,16,0,0,1,2,1,0.0,0.0,1,1,4,0,12,21,14
2022-04-26 00:00:00-04:00,44,27,42,16,0,0,1,2,1,0.0,0.0,1,1,4,0,12,21,14
2022-04-27 00:00:00-04:00,44,27,42,16,0,0,1,2,1,0.0,0.0,1,1,4,0,12,21,14
2022-04-28 00:00:00-04:00,43,26,41,16,0,0,1,2,1,0.0,0.0,1,1,4,0,12,20,13
2022-04-29 00:00:00-04:00,43,26,41,16,0,0,1,2,1,0.0,0.0,1,1,4,0,12,20,13
2022-04-30 00:00:00-04:00,43,26,41,16,0,0,1,2,1,0.0,0.0,1,1,4,0,12,20,13
2022-05-01 00:00:00-04:00,43,26,41,16,0,0,1,2,1,0.0,0.0,1,1,4,0,12,20,13
2022-05-02 00:00:00-04:00,43,26,41,16,0,0,1,2,1,0.0,0.0,1,1,4,0,12,20,13
2022-05-03 00:00:00-04:00,43,26,41,16,0,0,1,2,1,0.0,0.0,1,1,4,0,12,20,13
2022-05-04 00:00:00-04:00,43,26,41,16,0,0,1,2,1,0.0,0.0,1,1,4,0,12,20,13
2022-05-05 00:00:00-04:00,43,26,41,15,0,0,1,2,1,0.0,0.0,1,1,4,0,12,20,13
2022-05-06 00:00:00-04:00,43,25,40,16,0,1,1,2,1,0.0,0.0,1,1,4,0,13,19,13
2022-05-07 00:00:00-04:00,43,25,40,16,0,1,1,2,1,0.0,0.0,1,1,4,0,13,19,13
2022-05-08 00:00:00-04:00,43,25,40,16,0,1,1,2,1,0.0,0.0,1,1,4,0,13,19,13
2022-05-09 00:00:00-04:00,43,25,40,16,0,1,1,2,1,0.0,0.0,1,1,4,0,13,19,13
2022-05-10 00:00:00-04:00,43,25,40,16,0,1,1,2,1,0.0,0.0,1,1,4,0,13,19,13
2022-05-11 00:00:00-04:00,43,25,40,16,0,1,1,2,1,0.0,0.0,1,1,4,0,13,19,13
2022-05-12 00:00:00-04:00,43,25,40,16,0,1,1,2,1,0.0,0.0,1,1,4,0,13,19,13
2022-05-13 00:00:00-04:00,43,25,40,16,0,1,1,2,1,0.0,0.0,1,1,4,0,13,19,13
2022-05-14 00:00:00-04:00,42,25,39,15,0,1,1,2,1,0.0,0.0,1,1,4,0,12,19,13
2022-05-15 00:00:00-04:00,42,25,39,15,0,1,1,2,1,0.0,0.0,1,1,4,0,12,19,13
2022-05-16 00:00:00-04:00,42,25,39,15,0,1,1,2,1,0.0,0.0,1,1,4,0,12,19,13
2022-05-17 00:00:00-04:00,42,25,39,15,0,1,1,2,1,0.0,0.0,1,1,4,0,12,19,13
2022-05-18 00:00:00-04:00,41,24,38,15,0,1,1,2,1,0.0,0.0,1,1,4,0,11,19,13
2022-05-19 00:00:00-04:00,39,23,36,15,0,1,1,2,1,0.0,0.0,1,1,4,0,10,18,12
2022-05-20 00:00:00-04:00,39,23,36,15,0,1,1,2,1,0.0,0.0,1,1,4,0,10,17,11
2022-05-21 00:00:00-04:00,39,23,37,16,0,1,1,2,1,0.0,0.0,1,1,3,0,9,17,11
2022-05-22 00:00:00-04:00,39,23,37,16,0,1,1,2,1,0.0,0.0,1,1,3,0,9,17,11
2022-05-23 00:00:00-04:00,39,23,37,16,0,1,1,2,1,0.0,0.0,1,1,3,0,9,17,11
2022-05-24 00:00:00-04:00,39,23,37,16,0,1,1,2,1,0.0,0.0,1,1,3,0,9,17,11
2022-05-25 00:00:00-04:00,40,23,37,16,0,1,1,2,1,0.0,0.0,1,1,4,0,10,17,12
2022-05-26 00:00:00-04:00,40,23,37,16,0,1,1,2,1,0.0,0.0,1,1,4,0,10,17,12
2022-05-27 00:00:00-04:00,39,22,36,15,0,1,1,2,1,0.0,0.0,1,1,4,0,10,17,12
2022-05-28 00:00:00-04:00,38,22,35,14,0,1,1,2,1,0.0,0.0,1,1,4,0,9,17,12
2022-05-29 00:00:00-04:00,38,22,35,14,0,1,1,2,1,0.0,0.0,1,1,4,0,9,17,12
2022-05-30 00:00:00-04:00,38,22,35,14,0,1,1,2,1,0.0,0.0,1,1,4,0,9,17,12
2022-05-31 00:00:00-04:00,38,22,35,14,0,1,1,2,1,0.0,0.0,1,1,4,0,9,17,12
2022-06-01 00:00:00-04:00,37,21,34,14,0,1,1,2,1,0.0,0.0,1,1,4,0,9,16,11
2022-06-02 00:00:00-04:00,37,21,34,14,0,1,1,2,1,0.0,0.0,1,1,4,0,9,16,11
2022-06-03 00:00:00-04:00,37,21,34,14,0,1,1,2,1,0.0,0.0,1,1,4,0,9,16,11
2022-06-04 00:00:00-04:00,37,21,34,14,0,1,1,2,1,0.0,0.0,1,1,4,0,9,16,11
2022-06-05 00:00:00-04:00,37,21,34,14,0,1,1,2,1,0.0,0.0,1,1,4,0,9,16,11
2022-06-06 00:00:00-04:00,37,21,34,14,0,1,1,2,1,0.0,0.0,1,1,4,0,9,16,11
2022-06-07 00:00:00-04:00,37,21,34,14,0,1,1,2,1,0.0,0.0,1,1,4,0,9,16,11
2022-06-08 00:00:00-04:00,38,22,36,15,0,0,1,2,2,0.0,0.0,1,1,5,0,8,17,11
2022-06-09 00:00:00-04:00,38,22,36,15,0,0,1,2,2,0.0,0.0,1,1,5,0,8,17,11
2022-06-10 00:00:00-04:00,38,22,36,15,0,0,1,2,2,0.0,0.0,1,1,5,0,8,17,11
2022-06-11 00:00:00-04:00,38,22,36,15,0,0,1,2,2,0.0,0.0,1,1,5,0,8,17,11
2022-06-12 00:00:00-04:00,38,22,36,15,0,0,1,2,2,0.0,0.0,1,1,5,0,8,17,11
2022-06-13 00:00:00-04:00,38,22,36,15,0,0,1,2,2,0.0,0.0,1,1,5,0,8,17,11
2022-06-14 00:00:00-04:00,38,22,36,15,0,0,1,2,2,0.0,0.0,1,1,5,0,8,17,11
2022-06-15 00:00:00-04:00,38,22,36,15,0,0,1,2,2,0.0,0.0,1,1,5,0,8,17,11
2022-06-16 00:00:00-04:00,38,22,36,15,0,0,1,2,2,0.0,0.0,1,1,5,0,8,17,11
2022-06-17 00:00:00-04:00,38,22,36,15,0,0,1,2,2,0.0,0.0,1,1,5,0,8,17,11
2022-06-18 00:00:00-04:00,37,22,35,15,0,0,1,2,2,0.0,0.0,1,1,5,0,8,16,10
2022-06-19 00:00:00-04:00,37,22,35,15,0,0,1,2,2,0.0,0.0,1,1,5,0,8,16,10
2022-06-20 00:00:00-04:00,37,22,35,15,0,0,1,2,2,0.0,0.0,1,1,5,0,8,16,10
2022-06-21 00:00:00-04:00,37,22,35,15,0,0,1,2,2,0.0,0.0,1,1,5,0,8,16,10
2022-06-22 00:00:00-04:00,37,22,35,15,0,0,1,2,2,0.0,0.0,1,1,5,0,8,16,10
2022-06-23 00:00:00-04:00,38,22,36,16,0,0,1,2,2,0.0,0.0,1,1,5,0,8,17,11
2022-06-24 00:00:00-04:00,38,22,36,16,0,0,1,2,2,0.0,0.0,1,1,5,0,8,17,11
2022-06-25 00:00:00-04:00,38,22,36,16,0,0,1,2,2,0.0,0.0,1,1,5,0,8,17,11
2022-06-26 00:00:00-04:00,39,22,37,17,0,0,1,2,2,0.0,0.0,1,1,5,0,8,17,11
2022-06-27 00:00:00-04:00,38,22,36,16,0,0,1,2,2,0.0,0.0,1,1,5,0,8,17,11
2022-06-28 00:00:00-04:00,38,22,36,16,0,0,1,2,2,0.0,0.0,1,1,5,0,8,17,11
2022-06-29 00:00:00-04:00,38,22,36,16,0,0,1,2,2,0.0,0.0,1,1,5,0,8,17,11
2022-06-30 00:00:00-04:00,38,22,36,16,0,0,1,2,2,0.0,0.0,1,1,5,0,8,17,11
2022-07-01 00:00:00-04:00,39,21,37,17,0,0,1,2,1,0.0,0.0,1,1,4,0,9,18,11
2022-07-02 00:00:00-04:00,39,21,37,17,0,0,1,2,1,0.0,0.0,1,1,4,0,9,18,11
2022-07-03 00:00:00-04:00,39,21,37,17,0,0,1,2,1,0.0,0.0,1,1,4,0,9,18,11
2022-07-04 00:00:00-04:00,39,21,37,17,0,0,1,2,1,0.0,0.0,1,1,4,0,9,18,11
2022-07-05 00:00:00-04:00,38,21,36,16,0,0,1,2,1,0.0,0.0,1,1,4,0,9,18,11
2022-07-06 00:00:00-04:00,38,21,36,16,0,0,1,2,1,0.0,0.0,1,1,4,0,9,18,11
2022-07-07 00:00:00-04:00,38,21,36,16,0,0,1,2,1,0.0,0.0,1,1,4,0,9,18,11
2022-07-08 00:00:00-04:00,38,21,36,16,0,0,1,2,1,0.0,0.0,1,1,4,0,9,18,11
2022-07-09 00:00:00-04:00,38,21,36,16,0,0,1,2,1,0.0,0.0,1,1,4,0,9,18,11
2022-07-10 00:00:00-04:00,38,21,36,16,0,0,1,2,1,0.0,0.0,1,1,4,0,9,18,11
2022-07-11 00:00:00-04:00,38,21,36,16,0,0,1,2,1,0.0,0.0,1,1,4,0,9,18,11
2022-07-12 00:00:00-04:00,38,21,36,16,0,0,1,2,1,0.0,0.0,1,1,4,0,9,18,11
2022-07-13 00:00:00-04:00,38,21,36,16,0,0,1,2,1,0.0,0.0,1,1,4,0,9,18,11
2022-07-14 00:00:00-04:00,38,21,36,16,0,0,1,2,1,0.0,0.0,1,1,4,0,9,18,11
2022-07-15 00:00:00-04:00,38,21,36,16,0,0,1,2,1,0.0,0.0,1,1,4,0,9,18,11
2022-07-16 00:00:00-04:00,38,21,36,16,0,0,1,2,1,0.0,0.0,1,1,4,0,9,18,11
2022-07-17 00:00:00-04:00,38,21,36,16,0,0,1,2,1,0.0,0.0,1,1,4,0,9,18,11
2022-07-18 00:00:00-04:00,38,21,36,16,0,0,1,2,1,0.0,0.0,1,1,4,0,9,18,11
2022-07-19 00:00:00-04:00,38,21,36,16,0,0,1,2,1,0.0,0.0,1,1,4,0,9,18,11
2022-07-20 00:00:00-04:00,38,21,36,16,0,0,1,2,1,0.0,0.0,1,1,4,0,9,18,11
2022-07-21 00:00:00-04:00,38,21,36,16,0,0,1,2,1,0.0,0.0,1,1,4,0,9,18,11
2022-07-22 00:00:00-04:00,37,21,35,15,0,0,1,2,1,0.0,0.0,1,1,4,0,9,17,10
2022-07-23 00:00:00-04:00,37,21,35,15,0,0,1,2,1,0.0,0.0,1,1,4,0,9,17,10
2022-07-24 00:00:00-04:00,37,21,35,15,0,0,1,2,1,0.0,0.0,1,1,4,0,9,17,10
2022-07-25 00:00:00-04:00,37,21,35,15,0,0,1,2,1,0.0,0.0,1,1,4,0,9,17,10
2022-07-26 00:00:00-04:00,37,21,35,15,0,0,1,2,1,0.0,0.0,1,1,4,0,9,17,10
2022-07-27 00:00:00-04:00,37,21,35,15,0,0,1,2,1,0.0,0.0,1,1,4,0,9,17,10
2022-07-28 00:00:00-04:00,37,21,35,15,0,0,1,2,1,0.0,0.0,1,1,4,0,9,17,10
2022-07-29 00:00:00-04:00,37,21,35,15,0,0,1,2,1,0.0,0.0,1,1,4,0,9,17,10
2022-07-30 00:00:00-04:00,37,21,35,15,0,0,1,2,1,0.0,0.0,1,1,4,0,9,17,10
2022-07-31 00:00:00-04:00,37,21,35,15,0,0,1,2,1,0.0,0.0,1,1,4,0,9,17,10
2022-08-01 00:00:00-04:00,37,21,35,15,0,0,1,2,1,0.0,0.0,1,1,4,0,9,17,10
2022-08-02 00:00:00-04:00,36,20,34,15,0,0,1,2,1,0.0,0.0,1,1,4,0,9,17,10
2022-08-03 00:00:00-04:00,36,20,34,15,0,0,1,2,1,0.0,0.0,1,1,4,0,9,17,10
2022-08-04 00:00:00-04:00,37,21,35,15,0,1,1,2,2,0.0,0.0,1,1,4,0,9,17,10
2022-08-05 00:00:00-04:00,38,21,36,16,0,1,1,2,2,0.0,0.0,1,1,4,0,10,17,11
2022-08-06 00:00:00-04:00,39,21,37,17,0,1,1,2,2,0.0,0.0,1,1,4,0,10,17,11
2022-08-07 00:00:00-04:00,39,21,37,17,0,1,1,2,2,0.0,0.0,1,1,4,0,10,17,11
2022-08-08 00:00:00-04:00,39,21,37,17,0,1,1,2,2,0.0,0.0,1,1,4,0,10,17,11
2022-08-09 00:00:00-04:00,39,21,37,17,0,1,1,2,2,0.0,0.0,1,1,4,0,10,17,11
2022-08-10 00:00:00-04:00,39,21,37,17,0,1,1,2,2,0.0,0.0,1,1,4,0,10,17,11
2022-08-11 00:00:00-04:00,38,20,36,17,0,1,1,2,2,0.0,0.0,1,1,4,0,10,17,11
2022-08-12 00:00:00-04:00,38,20,36,17,0,1,1,2,2,0.0,0.0,1,1,4,0,10,17,11
2022-08-13 00:00:00-04:00,38,20,36,17,0,1,1,2,2,0.0,0.0,1,1,4,0,10,17,11
2022-08-14 00:00:00-04:00,38,20,36,17,0,1,1,2,2,0.0,0.0,1,1,4,0,10,17,11
2022-08-15 00:00:00-04:00,38,20,36,17,0,1,1,2,2,0.0,0.0,1,1,4,0,10,17,11
2022-08-16 00:00:00-04:00,38,20,36,17,0,1,1,2,2,0.0,0.0,1,1,4,0,10,17,11
2022-08-17 00:00:00-04:00,39,20,37,17,0,1,1,2,2,0.0,0.0,1,1,4,0,10,18,12
2022-08-18 00:00:00-04:00,39,20,37,17,0,1,1,2,2,0.0,0.0,1,1,4,0,10,18,12
2022-08-19 00:00:00-04:00,40,20,38,18,0,1,1,2,2,0.0,0.0,1,1,4,0,11,18,12
2022-08-20 00:00:00-04:00,40,20,38,18,0,1,1,2,2,0.0,0.0,1,1,4,0,11,18,12
2022-08-21 00:00:00-04:00,40,20,38,18,0,1,1,2,2,0.0,0.0,1,1,4,0,11,18,12
2022-08-22 00:00:00-04:00,40,20,38,18,0,1,1,2,2,0.0,0.0,1,1,4,0,11,18,12
2022-08-23 00:00:00-04:00,40,20,38,18,0,1,1,2,2,0.0,0.0,1,1,4,0,11,18,12
2022-08-24 00:00:00-04:00,40,20,38,18,0,1,1,2,2,0.0,0.0,1,1,4,0,11,18,12
2022-08-25 00:00:00-04:00,40,20,38,18,0,1,1,2,2,0.0,0.0,1,1,4,0,11,18,12
2022-08-26 00:00:00-04:00,40,20,38,18,0,1,1,2,2,0.0,0.0,1,1,4,0,11,18,12
2022-08-27 00:00:00-04:00,40,20,38,18,0,1,1,2,2,0.0,0.0,1,1,4,0,11,18,12
2022-08-28 00:00:00-04:00,40,20,38,18,0,1,1,2,2,0.0,0.0,1,1,4,0,11,18,12
2022-08-29 00:00:00-04:00,40,20,38,18,0,1,1,2,2,0.0,0.0,1,1,4,0,11,18,12
2022-08-30 00:00:00-04:00,40,20,38,18,0,1,1,2,2,0.0,0.0,1,1,4,0,11,18,12
2022-08-31 00:00:00-04:00,40,20,38,18,0,1,1,2,2,0.0,0.0,1,1,4,0,11,18,12
2022-09-01 00:00:00-04:00,40,20,38,18,0,1,1,2,2,0.0,0.0,1,1,4,0,11,18,12
2022-09-02 00:00:00-04:00,41,20,39,19,0,1,1,2,2,0.0,0.0,1,1,4,0,11,19,12
2022-09-03 00:00:00-04:00,42,21,40,20,0,1,1,2,2,0.0,0.0,1,1,4,0,11,20,13
2022-09-04 00:00:00-04:00,41,21,39,19,0,1,1,2,2,0.0,0.0,1,1,4,0,10,20,13
2022-09-05 00:00:00-04:00,41,21,39,19,0,1,1,2,2,0.0,0.0,1,1,4,0,10,20,13
2022-09-06 00:00:00-04:00,41,21,39,19,0,1,1,2,2,0.0,0.0,1,1,4,0,10,20,13
2022-09-07 00:00:00-04:00,41,21,39,19,0,1,1,2,2,0.0,0.0,1,1,4,0,10,20,13
2022-09-08 00:00:00-04:00,42,22,40,19,0,1,1,2,2,0.0,0.0,1,1,4,0,10,21,14
2022-09-09 00:00:00-04:00,42,22,40,20,1,1,1,2,3,0.0,0.0,1,1,4,0,11,20,13
2022-09-10 00:00:00-04:00,42,22,40,20,1,1,1,2,3,0.0,0.0,1,1,4,0,11,20,13
2022-09-11 00:00:00-04:00,42,22,40,20,1,1,1,2,3,0.0,0.0,1,1,4,0,11,20,13
2022-09-12 00:00:00-04:00,42,22,40,20,1,1,1,2,3,0.0,0.0,1,1,4,0,11,20,13
2022-09-13 00:00:00-04:00,42,22,40,20,1,1,1,2,3,0.0,0.0,1,1,4,0,11,20,13
2022-09-14 00:00:00-04:00,42,22,40,20,1,1,1,2,3,0.0,0.0,1,1,4,0,11,20,13
2022-09-15 00:00:00-04:00,43,23,41,20,1,1,1,2,3,0.0,0.0,1,1,4,0,11,20,13
2022-09-16 00:00:00-04:00,43,23,41,20,1,1,1,2,3,0.0,0.0,1,1,4,0,11,20,13
2022-09-17 00:00:00-04:00,43,23,41,20,1,1,1,2,3,0.0,0.0,1,1,4,0,11,20,13
2022-09-18 00:00:00-04:00,43,23,41,20,1,1,1,2,3,0.0,0.0,1,1,4,0,11,20,13
2022-09-19 00:00:00-04:00,43,23,41,20,1,1,1,2,3,0.0,0.0,1,1,4,0,11,20,13
2022-09-20 00:00:00-04:00,44,24,42,20,1,1,1,2,3,0.0,0.0,1,1,4,0,11,21,14
2022-09-21 00:00:00-04:00,44,24,42,20,1,1,1,2,3,0.0,0.0,1,1,4,0,11,21,14
2022-09-22 00:00:00-04:00,43,23,41,20,1,0,1,2,2,0.0,0.0,1,1,4,0,11,21,14
2022-09-23 00:00:00-04:00,42,23,40,20,1,0,1,2,2,0.0,0.0,1,1,4,0,11,21,13
2022-09-24 00:00:00-04:00,42,23,40,20,1,0,1,2,2,0.0,0.0,1,1,4,0,11,21,13
2022-09-25 00:00:00-04:00,42,23,40,20,1,0,1,2,2,0.0,0.0,1,1,4,0,11,21,13
2022-09-26 00:00:00-04:00,42,23,40,20,1,0,1,2,2,0.0,0.0,1,1,4,0,11,21,13
2022-09-27 00:00:00-04:00,42,23,40,20,1,0,1,2,2,0.0,0.0,1,1,4,0,11,21,13
2022-09-28 00:00:00-04:00,42,23,40,20,1,0,1,2,2,0.0,0.0,1,1,4,0,11,21,13
2022-09-29 00:00:00-04:00,42,23,40,20,1,0,1,2,2,0.0,0.0,1,1,4,0,11,21,13
2022-09-30 00:00:00-04:00,41,23,39,19,1,0,1,2,2,0.0,0.0,1,1,4,0,10,21,12
2022-10-01 00:00:00-04:00,40,22,38,18,0,0,1,2,1,0.0,0.0,1,1,4,0,9,21,12
2022-10-02 00:00:00-04:00,39,21,37,18,0,0,1,2,1,0.0,0.0,1,1,4,0,9,21,12
2022-10-03 00:00:00-04:00,39,21,37,18,0,0,1,2,1,0.0,0.0,1,1,4,0,9,21,12
2022-10-04 00:00:00-04:00,42,23,40,19,0,0,1,2,1,0.0,0.0,1,1,5,0,10,21,12
2022-10-05 00:00:00-04:00,43,23,40,20,0,0,1,2,1,0.0,0.0,1,1,5,0,11,21,13
2022-10-06 00:00:00-04:00,43,23,40,19,0,0,1,2,1,0.0,0.0,1,1,5,0,11,22,14
2022-10-07 00:00:00-04:00,43,23,40,19,0,0,1,2,1,0.0,0.0,1,1,5,0,11,22,14
2022-10-08 00:00:00-04:00,44,24,41,20,0,0,1,2,1,0.0,0.0,1,1,6,0,12,22,14
2022-10-09 00:00:00-04:00,44,24,41,20,0,0,1,2,1,0.0,0.0,1,1,6,0,12,22,14
2022-10-10 00:00:00-04:00,44,24,41,20,0,0,1,2,1,0.0,0.0,1,1,6,0,12,22,14
2022-10-11 00:00:00-04:00,44,24,41,20,0,0,1,2,1,0.0,0.0,1,1,6,0,12,22,14
2022-10-12 00:00:00-04:00,44,24,41,20,0,0,1,2,1,0.0,0.0,1,1,6,0,12,22,14
2022-10-13 00:00:00-04:00,44,24,41,20,0,0,1,2,1,0.0,0.0,1,1,6,0,12,22,14
2022-10-14 00:00:00-04:00,44,24,41,20,0,0,1,2,1,0.0,0.0,1,1,6,0,12,22,14
2022-10-15 00:00:00-04:00,44,24,41,20,0,0,1,2,1,0.0,0.0,1,1,6,0,12,22,14
2022-10-16 00:00:00-04:00,44,24,41,20,0,0,1,2,1,0.0,0.0,1,1,6,0,12,22,14
2022-10-17 00:00:00-04:00,44,24,41,20,0,0,1,2,1,0.0,0.0,1,1,6,0,12,22,14
2022-10-18 00:00:00-04:00,45,24,42,20,0,0,1,2,1,0.0,0.0,1,1,6,0,12,23,15
2022-10-19 00:00:00-04:00,46,25,43,20,0,0,1,3,1,0.0,0.0,1,1,6,0,12,23,15
2022-10-20 00:00:00-04:00,46,25,43,20,0,0,1,3,1,0.0,0.0,1,1,6,0,12,23,15
2022-10-21 00:00:00-04:00,46,25,43,20,0,0,1,3,1,0.0,0.0,1,1,6,0,12,23,15
2022-10-22 00:00:00-04:00,46,25,43,20,0,0,1,3,1,0.0,0.0,1,1,6,0,12,23,15
2022-10-23 00:00:00-04:00,46,25,43,20,0,0,1,3,1,0.0,0.0,1,1,6,0,12,23,15
2022-10-24 00:00:00-04:00,46,25,43,20,0,0,1,3,1,0.0,0.0,1,1,6,0,12,23,15
2022-10-25 00:00:00-04:00,47,26,44,21,0,0,1,3,1,0.0,0.0,1,1,6,0,13,23,15
2022-10-26 00:00:00-04:00,47,26,44,21,0,0,1,3,1,0.0,0.0,1,1,6,0,13,23,15
2022-10-27 00:00:00-04:00,46,26,43,20,0,0,1,3,1,0.0,0.0,1,1,6,0,13,23,15
2022-10-28 00:00:00-04:00,46,26,43,20,0,0,1,3,1,0.0,0.0,1,1,6,0,13,23,15
2022-10-29 00:00:00-04:00,46,26,43,20,0,0,1,3,1,0.0,0.0,1,1,6,0,13,23,15
2022-10-30 00:00:00-04:00,46,26,43,20,0,0,1,3,1,0.0,0.0,1,1,6,0,13,23,15
2022-10-31 00:00:00-04:00,46,26,43,20,0,0,1,3,1,0.0,0.0,1,1,6,0,13,23,15
2022-11-01 00:00:00-04:00,46,26,43,20,0,0,1,3,1,0.0,0.0,1,1,6,0,13,23,15
2022-11-02 00:00:00-04:00,47,26,43,20,0,0,1,3,1,0.0,0.0,1,1,7,0,14,23,15
2022-11-03 00:00:00-04:00,47,26,43,20,0,0,1,3,1,0.0,0.0,1,1,7,0,14,23,15
2022-11-04 00:00:00-04:00,47,26,43,20,0,0,1,3,1,0.0,0.0,1,1,7,0,14,23,15
2022-11-05 00:00:00-04:00,46,26,42,19,0,0,1,3,1,0.0,0.0,1,1,7,0,13,23,15
2022-11-06 00:00:00-04:00,46,26,42,19,0,0,1,3,1,0.0,0.0,1,1,7,0,13,23,15
2022-11-07 00:00:00-05:00,45,25,41,19,0,0,1,3,1,0.0,0.0,1,1,7,0,13,22,14
2022-11-08 00:00:00-05:00,46,25,42,20,0,0,1,3,1,0.0,0.0,1,1,7,0,14,22,14
2022-11-09 00:00:00-05:00,46,25,42,20,0,0,1,3,1,0.0,0.0,1,1,7,0,14,22,14
2022-11-10 00:00:00-05:00,46,25,42,20,0,0,1,3,1,0.0,0.0,1,1,7,0,14,22,14
2022-11-11 00:00:00-05:00,46,25,42,20,0,0,1,3,1,0.0,0.0,1,1,7,0,14,22,14
2022-11-12 00:00:00-05:00,46,25,42,20,0,0,1,3,1,0.0,0.0,1,1,7,0,14,22,14
2022-11-13 00:00:00-05:00,46,25,42,20,0,0,1,3,1,0.0,0.0,1,1,7,0,14,22,14
2022-11-14 00:00:00-05:00,46,25,42,20,0,0,1,3,1,0.0,0.0,1,1,7,0,14,22,14
2022-11-15 00:00:00-05:00,46,25,42,20,0,0,1,3,1,0.0,0.0,1,1,7,0,14,22,14
2022-11-16 00:00:00-05:00,46,25,42,20,0,0,1,3,1,0.0,0.0,1,1,7,0,14,22,14
2022-11-17 00:00:00-05:00,45,24,41,20,0,0,1,3,1,0.0,0.0,1,1,7,0,14,21,13
2022-11-18 00:00:00-05:00,45,24,41,20,0,0,1,3,1,0.0,0.0,1,1,7,0,14,21,13
2022-11-19 00:00:00-05:00,45,24,41,20,0,0,1,3,1,0.0,0.0,1,1,7,0,14,21,13
2022-11-20 00:00:00-05:00,45,24,41,20,0,0,1,3,1,0.0,0.0,1,1,7,0,14,21,13
2022-11-21 00:00:00-05:00,45,24,41,20,0,0,1,3,1,0.0,0.0,1,1,7,0,14,21,13
2022-11-22 00:00:00-05:00,45,24,41,20,0,0,1,3,1,0.0,0.0,1,1,7,0,14,21,13
2022-11-23 00:00:00-05:00,45,24,41,20,0,0,1,3,1,0.0,0.0,1,1,7,0,14,21,13
2022-11-24 00:00:00-05:00,45,24,41,20,0,0,1,3,1,0.0,0.0,1,1,7,0,14,21,13
2022-11-25 00:00:00-05:00,45,24,41,20,0,0,1,3,1,0.0,0.0,1,1,7,0,14,21,13
2022-11-26 00:00:00-05:00,46,25,42,20,0,0,1,3,1,0.0,0.0,1,1,7,0,14,22,13
2022-11-27 00:00:00-05:00,46,25,42,20,0,0,1,3,1,0.0,0.0,1,1,7,0,14,22,13
2022-11-28 00:00:00-05:00,46,25,42,20,0,0,1,3,1,0.0,0.0,1,1,7,0,14,22,13
2022-11-29 00:00:00-05:00,47,25,42,20,0,0,1,3,1,0.0,0.0,1,1,8,0,15,22,13
2022-11-30 00:00:00-05:00,46,24,41,19,0,0,1,3,1,0.0,0.0,1,1,8,0,14,22,13
2022-12-01 00:00:00-05:00,46,24,41,19,0,0,1,3,1,0.0,0.0,1,1,8,0,14,22,13
2022-12-02 00:00:00-05:00,47,25,42,20,0,0,1,3,1,0.0,0.0,1,1,8,0,14,23,14
2022-12-03 00:00:00-05:00,46,25,42,19,0,0,1,3,1,0.0,0.0,1,1,8,0,13,23,13
2022-12-04 00:00:00-05:00,46,25,42,19,0,0,1,3,1,0.0,0.0,1,1,8,0,13,23,13
2022-12-05 00:00:00-05:00,45,25,41,18,0,0,1,3,1,0.0,0.0,1,1,8,0,13,22,13
2022-12-06 00:00:00-05:00,46,26,42,18,0,0,1,3,1,0.0,0.0,1,1,8,0,13,22,13
2022-12-07 00:00:00-05:00,46,26,42,18,0,0,1,3,1,0.0,0.0,1,1,8,0,13,22,13
2022-12-08 00:00:00-05:00,45,25,41,17,0,0,1,3,1,0.0,0.0,1,1,8,0,13,21,12
2022-12-09 00:00:00-05:00,46,26,42,17,0,0,1,3,1,0.0,0.0,1,1,8,0,13,22,13
2022-12-10 00:00:00-05:00,47,27,43,17,0,0,1,3,1,0.0,0.0,1,1,8,0,13,22,13
2022-12-11 00:00:00-05:00,46,26,42,17,0,0,1,3,1,0.0,0.0,1,1,8,0,13,22,13
2022-12-12 00:00:00-05:00,45,26,41,17,0,0,1,3,1,0.0,0.0,1,1,8,0,13,21,12
2022-12-13 00:00:00-05:00,45,26,41,17,0,0,1,3,1,0.0,0.0,1,1,8,0,13,21,12
2022-12-14 00:00:00-05:00,45,26,41,17,0,0,1,3,1,0.0,0.0,1,1,8,0,13,21,12
2022-12-15 00:00:00-05:00,45,26,41,17,0,0,1,3,1,0.0,0.0,1,1,8,0,13,21,12
2022-12-16 00:00:00-05:00,45,26,41,17,0,0,1,3,1,0.0,0.0,1,1,8,0,13,21,12
2022-12-17 00:00:00-05:00,45,26,41,17,0,0,1,3,1,0.0,0.0,1,1,8,0,13,21,12
2022-12-18 00:00:00-05:00,45,26,41,17,0,0,1,3,1,0.0,0.0,1,1,8,0,13,21,12
2022-12-19 00:00:00-05:00,45,26,41,17,0,0,1,3,1,0.0,0.0,1,1,8,0,13,21,12
2022-12-20 00:00:00-05:00,45,26,41,17,0,0,1,3,1,0.0,0.0,1,1,8,0,13,21,12
2022-12-21 00:00:00-05:00,45,26,41,17,0,0,1,3,1,0.0,0.0,1,1,8,0,13,21,12
2022-12-22 00:00:00-05:00,44,26,40,16,0,0,1,3,1,0.0,0.0,1,1,8,0,13,21,12
2022-12-23 00:00:00-05:00,44,26,40,16,0,0,1,3,1,0.0,0.0,1,1,8,0,13,21,12
2022-12-24 00:00:00-05:00,44,26,40,16,0,0,1,3,1,0.0,0.0,1,1,8,0,13,21,12
2022-12-25 00:00:00-05:00,44,26,40,16,0,0,1,3,1,0.0,0.0,1,1,8,0,13,21,12
2022-12-26 00:00:00-05:00,44,26,40,16,0,0,1,3,1,0.0,0.0,1,1,8,0,13,21,12
2022-12-27 00:00:00-05:00,44,26,40,16,0,0,1,3,1,0.0,0.0,1,1,8,0,13,21,12
2022-12-28 00:00:00-05:00,44,26,40,16,0,0,1,3,1,0.0,0.0,1,1,8,0,13,21,12
2022-12-29 00:00:00-05:00,44,26,40,16,0,0,1,3,1,0.0,0.0,1,1,8,0,13,21,12
2022-12-30 00:00:00-05:00,43,26,39,15,0,0,1,3,1,0.0,0.0,1,1,8,0,13,20,12
2022-12-31 00:00:00-05:00,42,25,38,14,0,0,1,3,1,0.0,0.0,1,1,8,0,13,19,11
2023-01-01 00:00:00-05:00,42,25,38,14,0,0,1,3,1,0.0,0.0,1,1,8,0,13,19,11
2023-01-02 00:00:00-05:00,42,25,38,14,0,0,1,3,1,0.0,0.0,1,1,8,0,13,19,11
2023-01-03 00:00:00-05:00,42,25,38,14,0,0,1,3,1,0.0,0.0,1,1,8,0,13,19,11
2023-01-04 00:00:00-05:00,39,23,36,14,0,0,1,3,1,0.0,0.0,1,1,7,0,12,18,11
2023-01-05 00:00:00-05:00,39,23,36,14,0,0,1,3,1,0.0,0.0,1,1,7,0,12,18,11
2023-01-06 00:00:00-05:00,39,23,36,14,0,0,1,3,1,0.0,0.0,1,1,7,0,12,18,11
2023-01-07 00:00:00-05:00,39,23,36,14,0,0,1,3,1,0.0,0.0,1,1,7,0,12,18,11
2023-01-08 00:00:00-05:00,39,23,36,14,0,0,1,3,1,0.0,0.0,1,1,7,0,12,18,11
2023-01-09 00:00:00-05:00,38,23,35,13,0,0,1,3,1,0.0,0.0,1,1,7,0,11,18,11
2023-01-10 00:00:00-05:00,40,23,37,15,0,0,1,3,1,0.0,0.0,1,1,7,0,13,18,11
2023-01-11 00:00:00-05:00,40,23,37,15,0,0,1,3,1,0.0,0.0,1,1,7,0,13,18,11
2023-01-12 00:00:00-05:00,40,23,37,15,0,0,1,3,1,0.0,0.0,1,1,7,0,13,18,11
2023-01-13 00:00:00-05:00,40,23,37,15,0,0,1,3,1,0.0,0.0,1,1,7,0,13,18,11
2023-01-14 00:00:00-05:00,40,23,37,15,0,0,1,3,1,0.0,0.0,1,1,7,0,13,18,11
2023-01-15 00:00:00-05:00,40,23,37,15,0,0,1,3,1,0.0,0.0,1,1,7,0,13,18,11
2023-01-16 00:00:00-05:00,40,23,37,15,0,0,1,3,1,0.0,0.0,1,1,7,0,13,18,11
2023-01-17 00:00:00-05:00,40,23,37,15,0,0,1,3,1,0.0,0.0,1,1,7,0,13,18,11
2023-01-18 00:00:00-05:00,40,23,37,15,0,0,1,3,1,0.0,0.0,1,1,7,0,13,18,11
2023-01-19 00:00:00-05:00,40,23,37,15,0,0,1,3,1,0.0,0.0,1,1,7,0,13,18,11
2023-01-20 00:00:00-05:00,39,23,37,15,0,0,1,3,1,0.0,0.0,1,1,6,0,12,18,11
2023-01-21 00:00:00-05:00,39,23,37,15,0,0,1,3,1,0.0,0.0,1,1,6,0,12,18,11
2023-01-22 00:00:00-05:00,39,23,37,15,0,0,1,3,1,0.0,0.0,1,1,6,0,12,18,11
2023-01-23 00:00:00-05:00,39,23,37,15,0,0,1,3,1,0.0,0.0,1,1,6,0,12,18,11
2023-01-24 00:00:00-05:00,39,23,37,15,0,0,1,3,1,0.0,0.0,1,1,6,0,12,18,11
2023-01-25 00:00:00-05:00,40,24,38,15,0,0,1,3,1,0.0,0.0,1,1,6,0,12,18,11
2023-01-26 00:00:00-05:00,40,24,38,15,0,0,1,3,1,0.0,0.0,1,1,6,0,12,18,11
2023-01-27 00:00:00-05:00,40,24,38,15,0,0,1,3,1,0.0,0.0,1,1,6,0,12,18,11
2023-01-28 00:00:00-05:00,40,24,38,15,0,0,1,3,1,0.0,0.0,1,1,6,0,12,18,11
2023-01-29 00:00:00-05:00,40,24,38,15,0,0,1,3,1,0.0,0.0,1,1,6,0,12,18,11
2023-01-30 00:00:00-05:00,40,24,38,15,0,0,1,3,1,0.0,0.0,1,1,6,0,12,18,11
2023-01-31 00:00:00-05:00,40,24,38,15,0,0,1,3,1,0.0,0.0,1,1,6,0,12,18,11
2023-02-01 00:00:00-05:00,40,24,38,15,0,0,1,3,1,0.0,0.0,1,1,6,0,12,18,11
2023-02-02 00:00:00-05:00,40,24,38,15,0,0,1,3,1,0.0,0.0,1,1,6,0,12,18,11
2023-02-03 00:00:00-05:00,40,24,38,15,0,0,1,3,1,0.0,0.0,1,1,6,0,12,18,11
2023-02-04 00:00:00-05:00,40,24,38,15,0,0,1,3,1,0.0,0.0,1,1,6,0,12,18,11
2023-02-05 00:00:00-05:00,40,24,38,15,0,0,1,3,1,0.0,0.0,1,1,6,0,12,18,11
2023-02-06 00:00:00-05:00,40,24,38,15,0,0,1,3,1,0.0,0.0,1,1,6,0,12,18,11
2023-02-07 00:00:00-05:00,40,24,38,15,0,0,1,3,1,0.0,0.0,1,1,6,0,12,18,11
2023-02-08 00:00:00-05:00,40,24,38,15,0,0,1,3,1,0.0,0.0,1,1,6,0,12,18,11
2023-02-09 00:00:00-05:00,41,25,39,15,0,0,1,3,1,0.0,0.0,1,1,6,0,13,18,11
2023-02-10 00:00:00-05:00,41,25,39,15,0,0,1,3,1,0.0,0.0,1,1,6,0,13,18,11
2023-02-11 00:00:00-05:00,40,25,38,14,0,0,0,3,0,0.0,0.0,1,1,6,0,12,18,11
2023-02-12 00:00:00-05:00,40,25,38,14,0,0,0,3,0,0.0,0.0,1,1,6,0,12,18,11
2023-02-13 00:00:00-05:00,40,25,38,14,0,0,0,3,0,0.0,0.0,1,1,6,0,12,18,11
2023-02-14 00:00:00-05:00,40,25,38,14,0,0,0,3,0,0.0,0.0,1,1,6,0,12,18,11
2023-02-15 00:00:00-05:00,40,25,38,14,0,0,0,3,0,0.0,0.0,1,1,6,0,12,18,11
2023-02-16 00:00:00-05:00,40,25,38,14,0,0,0,3,0,0.0,0.0,1,1,6,0,12,18,11
2023-02-17 00:00:00-05:00,40,25,38,14,0,0,0,3,0,0.0,0.0,1,1,6,0,12,18,11
2023-02-18 00:00:00-05:00,40,25,38,14,0,0,0,3,0,0.0,0.0,1,1,6,0,12,18,11
2023-02-19 00:00:00-05:00,40,25,38,14,0,0,0,3,0,0.0,0.0,1,1,6,0,12,18,11
2023-02-20 00:00:00-05:00,40,25,38,14,0,0,0,3,0,0.0,0.0,1,1,6,0,12,18,11
2023-02-21 00:00:00-05:00,40,25,38,14,0,0,0,3,0,0.0,0.0,1,1,6,0,12,18,11
2023-02-22 00:00:00-05:00,39,24,37,14,0,0,0,3,0,0.0,0.0,1,1,6,0,11,18,11
2023-02-23 00:00:00-05:00,39,24,37,14,0,0,0,3,0,0.0,0.0,1,1,6,0,11,18,11
2023-02-24 00:00:00-05:00,39,24,37,14,0,0,0,3,0,0.0,0.0,1,1,6,0,11,18,11
2023-02-25 00:00:00-05:00,39,24,37,14,0,0,0,3,0,0.0,0.0,1,1,6,0,11,18,11
2023-02-26 00:00:00-05:00,39,24,37,14,0,0,0,3,0,0.0,0.0,1,1,6,0,11,18,11
2023-02-27 00:00:00-05:00,39,24,37,14,0,0,0,3,0,0.0,0.0,1,1,6,0,11,18,11
2023-02-28 00:00:00-05:00,39,24,37,14,0,0,0,3,0,0.0,0.0,1,1,6,0,11,18,11
2023-03-01 00:00:00-05:00,39,24,37,14,0,0,0,3,0,0.0,0.0,1,1,6,0,11,18,11
2023-03-02 00:00:00-05:00,39,24,37,14,0,0,0,3,0,0.0,0.0,1,1,6,0,11,18,11
2023-03-03 00:00:00-05:00,39,24,37,14,0,0,0,3,0,0.0,0.0,1,1,6,0,11,18,11
2023-03-04 00:00:00-05:00,39,24,37,14,0,0,0,3,0,0.0,0.0,1,1,6,0,11,18,11
2023-03-05 00:00:00-05:00,39,24,37,14,0,0,0,3,0,0.0,0.0,1,1,6,0,11,18,11
2023-03-06 00:00:00-05:00,39,24,37,14,0,0,0,3,0,0.0,0.0,1,1,6,0,11,18,11
2023-03-07 00:00:00-05:00,39,24,37,14,0,0,0,3,0,0.0,0.0,1,1,6,0,11,18,11
2023-03-08 00:00:00-05:00,39,24,37,14,0,0,0,3,0,0.0,0.0,1,1,6,0,11,18,11
2023-03-09 00:00:00-05:00,39,24,37,14,0,0,0,3,0,0.0,0.0,1,1,6,0,11,18,11
2023-03-10 00:00:00-05:00,39,24,37,14,0,0,0,3,0,0.0,0.0,1,1,6,0,11,18,11
2023-03-11 00:00:00-05:00,39,24,37,14,0,0,0,3,0,0.0,0.0,1,1,6,0,11,18,11
2023-03-12 00:00:00-05:00,39,24,37,14,0,0,0,3,0,0.0,0.0,1,1,6,0,11,18,11
2023-03-13 00:00:00-04:00,39,24,37,14,0,0,0,3,0,0.0,0.0,1,1,6,0,11,18,11
2023-03-14 00:00:00-04:00,39,24,37,14,0,0,0,3,0,0.0,0.0,1,1,6,0,11,18,11
2023-03-15 00:00:00-04:00,39,24,37,14,0,0,0,3,0,0.0,0.0,1,1,6,0,11,18,11
2023-03-16 00:00:00-04:00,40,25,38,14,0,0,0,3,0,0.0,0.0,1,1,6,0,11,19,11
2023-03-17 00:00:00-04:00,41,25,38,15,0,0,0,3,1,0.0,0.0,1,1,6,0,12,19,11
2023-03-18 00:00:00-04:00,41,25,38,15,0,0,0,3,1,0.0,0.0,1,1,6,0,12,19,11
2023-03-19 00:00:00-04:00,41,25,38,15,0,0,0,3,1,0.0,0.0,1,1,6,0,12,19,11
2023-03-20 00:00:00-04:00,41,25,38,15,0,0,0,3,1,0.0,0.0,1,1,6,0,12,19,11
2023-03-21 00:00:00-04:00,41,25,38,15,0,0,0,3,1,0.0,0.0,1,1,6,0,12,19,11
2023-03-22 00:00:00-04:00,40,25,37,14,0,0,0,3,1,0.0,0.0,1,1,6,0,11,19,11
2023-03-23 00:00:00-04:00,40,25,37,14,0,0,0,3,1,0.0,0.0,1,1,6,0,11,19,11
2023-03-24 00:00:00-04:00,40,25,37,14,0,0,0,3,1,0.0,0.0,1,1,6,0,11,19,11
2023-03-25 00:00:00-04:00,40,25,37,14,0,0,0,3,1,0.0,0.0,1,1,6,0,11,19,11
2023-03-26 00:00:00-04:00,40,25,37,14,0,0,0,3,1,0.0,0.0,1,1,6,0,11,19,11
2023-03-27 00:00:00-04:00,40,25,37,14,0,0,0,3,1,0.0,0.0,1,1,6,0,11,19,11
2023-03-28 00:00:00-04:00,40,25,37,14,0,0,0,3,1,0.0,0.0,1,1,6,0,11,19,11
2023-03-29 00:00:00-04:00,40,25,37,14,0,0,0,3,1,0.0,0.0,1,1,6,0,11,19,11
2023-03-30 00:00:00-04:00,40,25,37,14,0,0,0,3,1,0.0,0.0,1,1,6,0,11,19,11
2023-03-31 00:00:00-04:00,40,25,37,14,0,0,0,3,1,0.0,0.0,1,1,6,0,11,19,11
2023-04-01 00:00:00-04:00,39,24,36,14,0,0,0,3,1,0.0,0.0,1,1,6,0,11,18,11
2023-04-02 00:00:00-04:00,39,24,36,14,0,0,0,3,1,0.0,0.0,1,1,6,0,11,18,11
2023-04-03 00:00:00-04:00,39,24,36,14,0,0,0,3,1,0.0,0.0,1,1,6,0,11,18,11
2023-04-04 00:00:00-04:00,39,24,36,14,0,0,0,3,1,0.0,0.0,1,1,6,0,11,18,11
2023-04-05 00:00:00-04:00,37,24,35,13,0,0,0,3,0,0.0,0.0,1,1,6,0,10,17,11
2023-04-06 00:00:00-04:00,38,25,36,13,0,0,0,3,0,0.0,0.0,1,1,6,0,10,17,11
2023-04-07 00:00:00-04:00,38,25,36,13,0,0,0,3,0,0.0,0.0,1,1,6,0,10,17,11
2023-04-08 00:00:00-04:00,38,25,36,13,0,0,0,3,0,0.0,0.0,1,1,6,0,10,17,11
2023-04-09 00:00:00-04:00,38,25,36,13,0,0,0,3,0,0.0,0.0,1,1,6,0,10,17,11
2023-04-10 00:00:00-04:00,38,25,36,13,0,0,0,3,0,0.0,0.0,1,1,6,0,10,17,11
2023-04-11 00:00:00-04:00,38,25,36,13,0,0,0,3,0,0.0,0.0,1,1,6,0,10,17,11
2023-04-12 00:00:00-04:00,38,25,36,13,0,0,0,3,0,0.0,0.0,1,1,6,0,10,17,11
2023-04-13 00:00:00-04:00,37,24,35,13,0,0,0,3,0,0.0,0.0,1,1,6,0,10,17,11
2023-04-14 00:00:00-04:00,37,24,35,13,0,0,0,3,0,0.0,0.0,1,1,6,0,10,17,11
2023-04-15 00:00:00-04:00,37,24,35,13,0,0,0,3,0,0.0,0.0,1,1,6,0,10,17,11
2023-04-16 00:00:00-04:00,37,24,35,13,0,0,0,3,0,0.0,0.0,1,1,6,0,10,17,11
2023-04-17 00:00:00-04:00,37,24,35,13,0,0,0,3,0,0.0,0.0,1,1,6,0,10,17,11
2023-04-18 00:00:00-04:00,37,24,35,13,0,0,0,3,0,0.0,0.0,1,1,6,0,10,17,11
2023-04-19 00:00:00-04:00,37,24,35,13,0,0,0,3,0,0.0,0.0,1,1,6,0,10,17,11
2023-04-20 00:00:00-04:00,37,24,35,13,0,0,0,3,0,0.0,0.0,1,1,6,0,10,17,11
2023-04-21 00:00:00-04:00,37,24,35,13,0,0,0,3,0,0.0,0.0,1,1,6,0,10,17,11
2023-04-22 00:00:00-04:00,37,24,35,13,0,0,0,3,0,0.0,0.0,1,1,6,0,10,17,11
2023-04-23 00:00:00-04:00,37,24,35,13,0,0,0,3,0,0.0,0.0,1,1,6,0,10,17,11
2023-04-24 00:00:00-04:00,37,24,35,13,0,0,0,3,0,0.0,0.0,1,1,6,0,10,17,11
2023-04-25 00:00:00-04:00,37,24,35,13,0,0,0,3,0,0.0,0.0,1,1,6,0,10,17,11
2023-04-26 00:00:00-04:00,37,24,35,13,0,0,0,3,0,0.0,0.0,1,1,6,0,10,17,11
2023-04-27 00:00:00-04:00,37,24,35,13,0,0,0,3,0,0.0,0.0,1,1,6,0,10,17,11
2023-04-28 00:00:00-04:00,37,24,35,13,0,0,0,3,0,0.0,0.0,1,1,6,0,10,17,11
2023-04-29 00:00:00-04:00,37,24,35,13,0,0,0,3,0,0.0,0.0,1,1,6,0,10,17,11
2023-04-30 00:00:00-04:00,37,24,35,13,0,0,0,3,0,0.0,0.0,1,1,6,0,10,17,11
2023-05-01 00:00:00-04:00,37,24,35,13,0,0,0,3,0,0.0,0.0,1,1,6,0,10,17,11
2023-05-02 00:00:00-04:00,37,24,35,13,0,0,0,3,0,0.0,0.0,1,1,6,0,10,17,11
2023-05-03 00:00:00-04:00,37,24,35,13,0,0,0,3,0,0.0,0.0,1,1,6,0,10,17,11
2023-05-04 00:00:00-04:00,37,24,35,13,0,0,0,3,0,0.0,0.0,1,1,6,0,10,17,11
2023-05-05 00:00:00-04:00,39,26,37,14,0,0,0,3,0,0.0,0.0,1,1,7,1,10,17,11
2023-05-06 00:00:00-04:00,39,26,37,14,0,0,0,3,0,0.0,0.0,1,1,7,1,10,17,11
2023-05-07 00:00:00-04:00,39,26,37,14,0,0,0,3,0,0.0,0.0,1,1,7,1,10,17,11
2023-05-08 00:00:00-04:00,39,26,37,14,0,0,0,3,0,0.0,0.0,1,1,7,1,10,17,11
2023-05-09 00:00:00-04:00,39,26,37,14,0,0,0,3,0,0.0,0.0,1,1,7,1,10,17,11
2023-05-10 00:00:00-04:00,40,26,38,15,0,0,0,3,0,0.0,0.0,1,1,7,1,10,18,12
2023-05-11 00:00:00-04:00,38,25,36,14,0,0,0,3,0,0.0,0.0,1,1,7,1,10,16,11
2023-05-12 00:00:00-04:00,38,25,36,14,0,0,0,3,0,0.0,0.0,1,1,7,1,10,16,11
2023-05-13 00:00:00-04:00,39,26,37,15,0,0,0,3,0,0.0,0.0,1,1,7,1,10,17,12
2023-05-14 00:00:00-04:00,39,26,37,15,0,0,0,3,0,0.0,0.0,1,1,7,1,10,17,12
2023-05-15 00:00:00-04:00,39,26,37,15,0,0,0,3,0,0.0,0.0,1,1,7,1,10,17,12
2023-05-16 00:00:00-04:00,38,25,36,14,0,0,0,3,0,0.0,0.0,1,1,7,1,10,17,12
2023-05-17 00:00:00-04:00,38,25,36,14,0,0,0,3,0,0.0,0.0,1,1,7,1,10,17,12
2023-05-18 00:00:00-04:00,38,25,36,14,0,0,0,3,0,0.0,0.0,1,1,7,1,10,17,12
2023-05-19 00:00:00-04:00,39,26,37,14,0,1,0,3,0,0.0,0.0,1,1,7,1,10,17,12
2023-05-20 00:00:00-04:00,39,26,37,14,0,1,0,3,0,0.0,0.0,1,1,7,1,10,17,12
2023-05-21 00:00:00-04:00,39,26,37,14,0,1,0,3,0,0.0,0.0,1,1,7,1,10,17,12
2023-05-22 00:00:00-04:00,39,26,37,14,0,1,0,3,0,0.0,0.0,1,1,7,1,10,17,12
2023-05-23 00:00:00-04:00,39,26,37,14,0,1,0,3,0,0.0,0.0,1,1,7,1,10,17,12
2023-05-24 00:00:00-04:00,39,26,37,14,0,1,0,3,0,0.0,0.0,1,1,7,1,10,17,12
2023-05-25 00:00:00-04:00,39,26,37,14,0,1,0,3,0,0.0,0.0,1,1,7,1,10,17,12
2023-05-26 00:00:00-04:00,39,26,37,14,0,1,0,3,0,0.0,0.0,1,1,7,1,10,17,12
2023-05-27 00:00:00-04:00,40,27,38,14,0,1,0,3,0,0.0,0.0,1,1,7,1,10,18,13
2023-05-28 00:00:00-04:00,39,27,37,13,0,1,0,3,0,0.0,0.0,1,1,7,1,9,18,13
2023-05-29 00:00:00-04:00,39,27,37,13,0,1,0,3,0,0.0,0.0,1,1,7,1,9,18,13
2023-05-30 00:00:00-04:00,39,27,37,13,0,1,0,3,0,0.0,0.0,1,1,7,1,9,18,13
2023-05-31 00:00:00-04:00,39,27,37,13,0,1,0,3,0,0.0,0.0,1,1,7,1,9,18,13
2023-06-01 00:00:00-04:00,39,27,37,13,0,1,0,3,0,0.0,0.0,1,1,7,1,9,18,13
2023-06-02 00:00:00-04:00,39,27,37,13,0,1,0,3,0,0.0,0.0,1,1,7,1,9,18,13
2023-06-03 00:00:00-04:00,39,27,37,13,0,1,0,3,0,0.0,0.0,1,1,7,1,9,18,13
2023-06-04 00:00:00-04:00,39,27,37,13,0,1,0,3,0,0.0,0.0,1,1,7,1,9,18,13
2023-06-05 00:00:00-04:00,39,27,37,13,0,1,0,3,0,0.0,0.0,1,1,7,1,9,18,13
2023-06-06 00:00:00-04:00,39,27,37,13,0,1,0,3,0,0.0,0.0,1,1,7,1,9,18,13
2023-06-07 00:00:00-04:00,40,27,38,14,0,1,0,3,0,0.0,0.0,1,1,7,1,9,19,13
2023-06-08 00:00:00-04:00,40,27,38,14,0,1,0,3,0,0.0,0.0,1,1,7,1,9,19,13
2023-06-09 00:00:00-04:00,40,27,38,14,0,1,0,3,0,0.0,0.0,1,1,7,1,9,19,13
2023-06-10 00:00:00-04:00,41,27,39,15,0,1,0,3,0,0.0,0.0,1,1,7,1,10,19,13
2023-06-11 00:00:00-04:00,41,27,39,15,0,1,0,3,0,0.0,0.0,1,1,7,1,10,19,13
2023-06-12 00:00:00-04:00,41,27,39,15,0,1,0,3,0,0.0,0.0,1,1,7,1,10,19,13
2023-06-13 00:00:00-04:00,42,28,40,15,0,1,0,3,0,0.0,0.0,1,1,7,1,10,19,13
2023-06-14 00:00:00-04:00,40,26,38,14,0,1,0,3,0,0.0,0.0,1,1,6,1,8,19,13
2023-06-15 00:00:00-04:00,40,26,38,14,0,1,0,3,0,0.0,0.0,1,1,6,1,8,19,13
2023-06-16 00:00:00-04:00,41,27,39,14,0,1,0,3,0,0.0,0.0,1,1,6,1,8,20,14
2023-06-17 00:00:00-04:00,41,27,39,14,0,1,0,3,0,0.0,0.0,1,1,6,1,8,20,14
2023-06-18 00:00:00-04:00,41,27,39,14,0,1,0,3,0,0.0,0.0,1,1,6,1,8,20,14
2023-06-19 00:00:00-04:00,41,27,39,14,0,1,0,3,0,0.0,0.0,1,1,6,1,8,20,14
2023-06-20 00:00:00-04:00,41,27,39,14,0,1,0,3,0,0.0,0.0,1,1,6,1,8,20,14
2023-06-21 00:00:00-04:00,42,28,40,15,0,1,0,3,0,0.0,0.0,1,1,6,1,8,21,15
2023-06-22 00:00:00-04:00,42,28,40,15,0,1,0,3,0,0.0,0.0,1,1,6,1,8,21,15
2023-06-23 00:00:00-04:00,42,29,40,14,0,1,0,3,0,0.0,0.0,1,1,6,1,8,20,15
2023-06-24 00:00:00-04:00,43,29,40,14,0,1,0,3,0,0.0,0.0,1,1,7,1,9,20,15
2023-06-25 00:00:00-04:00,42,29,40,14,0,1,0,3,0,0.0,0.0,1,1,6,1,8,20,15
2023-06-26 00:00:00-04:00,40,28,38,13,0,1,0,3,0,0.0,0.0,1,1,6,1,7,20,15
2023-06-27 00:00:00-04:00,40,28,38,13,0,1,0,3,0,0.0,0.0,1,1,6,1,7,20,15
2023-06-28 00:00:00-04:00,40,28,38,13,0,1,0,3,0,0.0,0.0,1,1,6,1,7,20,15
2023-06-29 00:00:00-04:00,40,28,38,13,0,1,0,3,0,0.0,0.0,1,1,6,1,7,20,15
2023-06-30 00:00:00-04:00,39,27,37,12,0,1,0,2,0,0.0,0.0,1,1,6,1,6,20,15
2023-07-01 00:00:00-04:00,39,27,37,12,0,1,0,2,0,0.0,0.0,1,1,6,1,6,20,15
2023-07-02 00:00:00-04:00,39,27,37,12,0,1,0,2,0,0.0,0.0,1,1,6,1,6,20,15
2023-07-03 00:00:00-04:00,39,27,37,12,0,1,0,2,0,0.0,0.0,1,1,6,1,6,20,15
2023-07-04 00:00:00-04:00,39,27,37,12,0,1,0,2,0,0.0,0.0,1,1,6,1,6,20,15
2023-07-05 00:00:00-04:00,39,27,37,12,0,1,0,2,0,0.0,0.0,1,1,6,1,6,20,15
2023-07-06 00:00:00-04:00,39,27,37,12,0,1,0,2,0,0.0,0.0,1,1,6,1,6,20,15
2023-07-07 00:00:00-04:00,39,27,37,12,0,1,0,2,0,0.0,0.0,1,1,6,1,6,20,15
2023-07-08 00:00:00-04:00,38,27,36,12,0,1,0,2,0,0.0,0.0,1,1,6,1,6,19,14
2023-07-09 00:00:00-04:00,37,26,35,12,0,1,0,2,0,0.0,0.0,1,1,6,1,6,18,13
2023-07-10 00:00:00-04:00,37,26,35,12,0,1,0,2,0,0.0,0.0,1,1,6,1,6,18,13
2023-07-11 00:00:00-04:00,37,26,35,12,0,1,0,2,0,0.0,0.0,1,1,6,1,6,18,13
2023-07-12 00:00:00-04:00,36,26,34,11,0,1,0,2,0,0.0,0.0,1,1,6,1,5,18,13
2023-07-13 00:00:00-04:00,36,26,34,11,0,1,0,2,0,0.0,0.0,1,1,6,1,5,18,13
2023-07-14 00:00:00-04:00,34,24,32,10,0,1,0,2,0,0.0,0.0,1,1,6,1,5,16,11
2023-07-15 00:00:00-04:00,34,24,32,10,0,1,0,2,0,0.0,0.0,1,1,6,1,5,16,11
2023-07-16 00:00:00-04:00,34,24,32,10,0,1,0,2,0,0.0,0.0,1,1,6,1,5,16,11
2023-07-17 00:00:00-04:00,34,24,32,10,0,1,0,2,0,0.0,0.0,1,1,6,1,5,16,11
2023-07-18 00:00:00-04:00,34,23,32,11,0,1,0,2,0,0.0,0.0,1,1,6,1,5,15,10
2023-07-19 00:00:00-04:00,33,23,31,10,0,1,0,2,0,0.0,0.0,1,1,6,1,5,15,10
2023-07-20 00:00:00-04:00,33,23,31,10,0,1,0,2,0,0.0,0.0,1,1,6,1,5,15,10
2023-07-21 00:00:00-04:00,33,23,31,10,0,1,0,2,0,0.0,0.0,1,1,6,1,5,15,10
2023-07-22 00:00:00-04:00,32,22,30,10,0,1,0,2,0,0.0,0.0,1,1,6,1,5,15,10
2023-07-23 00:00:00-04:00,32,22,30,10,0,1,0,2,0,0.0,0.0,1,1,6,1,5,15,10
2023-07-24 00:00:00-04:00,32,22,30,10,0,1,0,2,0,0.0,0.0,1,1,6,1,5,15,10
2023-07-25 00:00:00-04:00,30,21,29,10,0,1,0,2,0,0.0,0.0,1,1,5,1,4,15,9
2023-07-26 00:00:00-04:00,30,21,29,10,0,1,0,2,0,0.0,0.0,1,1,5,1,4,15,9
2023-07-27 00:00:00-04:00,29,20,28,10,0,1,0,2,0,0.0,0.0,1,1,5,1,4,15,9
2023-07-28 00:00:00-04:00,29,20,28,10,0,1,0,2,0,0.0,0.0,1,1,5,1,4,15,9
2023-07-29 00:00:00-04:00,25,17,24,9,0,1,0,1,0,0.0,0.0,1,1,4,1,4,14,8
2023-07-30 00:00:00-04:00,19,14,18,7,0,0,0,0,0,0.0,0.0,1,1,4,1,3,12,8
2023-07-31 00:00:00-04:00,5,4,5,2,0,0,0,0,0,0.0,0.0,1,1,1,0,2,2,3
